Property name,property info,price range,flat_details,Average price,facing,Build up area,Posession date
,3 BHK Independent Builder Floor for sale in Dwarka Mor,₹45.0 L,,₹5.0 K/sq.ft,South-west,None sq.ft,
,Signature Global City 92 Phase 2RERA,₹86.0 L - 1.38 Cr,"2, 3 BHK Flats for sale in Sector 92",₹8.98 K/sq.ft,,959.0 sq.ft,"Aug, 2026"
,Metroview By S gambhir Buildtech Dwarka MorRERA,₹24.0 L - 40.0 L,"2, 3 BHK Builder Floors for sale in Dwarka Mor",₹4.62 K/sq.ft,,None sq.ft,"Nov, 2022"
,RP Luxury Floors,₹28 L - 60 L,"2, 3, 4 BHK Apartments for sale in Dwarka Mor",₹None K/sq.ft,,None sq.ft,"Sep, 2023"
Shree Hari Homes III,3 BHK Flat for sale in Dwarka Mor,₹70.0 L,,₹6.36 K/sq.ft,,None sq.ft,
,RP Luxury Floors,₹28 L - 60 L,"2, 3, 4 BHK Flats for sale in Dwarka Mor",₹None K/sq.ft,,630.0 sq.ft,"Sep, 2023"
,The Ghar By G3 Buildtech Dwarka Mor3,₹25 L - 75 L,"2, 3, 4 BHK Flats for sale in Dwarka Mor",₹None K/sq.ft,,600.0 sq.ft,"Jan, 2023"
Planner N Maker Affordable Floors,2 BHK Flat for sale in Dwarka Mor,₹28.0 L,,₹4.31 K/sq.ft,,None sq.ft,
,"1 BHK Independent Builder Floor for sale in Featured Properties, Dwarka Mor",₹18.0 L,,₹4.5 K/sq.ft,,None sq.ft,
G3,"4 BHK Apartment for sale in Featured Properties, Dwarka Mor",₹65.0 L,,₹None K/sq.ft,,None sq.ft,
,2 BHK Independent Builder Floor for sale in Dwarka Mor,₹35.0 L,,₹3.89 K/sq.ft,North-east,None sq.ft,
Satya Sai Homes,3 BHK Flat for sale in Dwarka Mor,₹55.0 L,,₹6.11 K/sq.ft,,None sq.ft,
Khatu Shhyam Luxury Homes,3 BHK Flat for sale in Dwarka Mor,₹53.0 L,,₹5.89 K/sq.ft,,None sq.ft,
The Apna Ghar,2 BHK Flat for sale in Dwarka Mor,₹32.0 L,,₹5.82 K/sq.ft,,None sq.ft,
The Ghar,4 BHK Flat for sale in Dwarka Mor,₹64.0 L,,₹5.33 K/sq.ft,,None sq.ft,
,4 BHK Independent Builder Floor for sale in Dwarka Mor,₹65.0 L,,₹5.42 K/sq.ft,North,None sq.ft,
Kaanha Homes 2,3 BHK Independent Builder Floor for sale in Dwarka Mor,₹34.0 L,,₹4.53 K/sq.ft,,None sq.ft,
,3 BHK Independent Builder Floor for sale in Dwarka Mor,₹38.0 L,,₹4.69 K/sq.ft,South-west,None sq.ft,
,2 BHK Independent Builder Floor for sale in Dwarka Mor,₹33.0 L,,₹5.5 K/sq.ft,North,None sq.ft,
,1 BHK Independent Builder Floor for sale in Dwarka Mor,₹19.8 L,,₹4.95 K/sq.ft,South-west,None sq.ft,
,3 BHK Independent Builder Floor for sale in Dwarka Mor,₹53.0 L,,₹6.24 K/sq.ft,,None sq.ft,
,2 BHK Independent Builder Floor for sale in Dwarka Mor,₹32.0 L,,₹5.33 K/sq.ft,North-east,None sq.ft,
,3 BHK Independent Builder Floor for sale in Dwarka Mor,₹44.0 L,,₹4.89 K/sq.ft,North,None sq.ft,
Prem Homes,3 BHK Flat for sale in Dwarka Mor,₹48.0 L,,₹6.15 K/sq.ft,,None sq.ft,
Dream Home,2 BHK Flat for sale in Dwarka Mor,₹35.0 L,,₹5.98 K/sq.ft,,None sq.ft,
,4 BHK Independent Builder Floor for sale in Dwarka Mor,₹65.0 L,,₹5.65 K/sq.ft,North,None sq.ft,
,3 BHK Independent Builder Floor for sale in Dwarka Mor,₹50.0 L,,₹5.56 K/sq.ft,South-east,None sq.ft,
Green Valley Homes,3 BHK Flat for sale in Dwarka Mor,₹51.0 L,,₹5.67 K/sq.ft,,None sq.ft,
Adarsh homes Dwarka mor,3 BHK Independent Builder Floor for sale in Dwarka Mor,₹40.0 L,,₹5.97 K/sq.ft,,None sq.ft,
S Gambhir Homes,1 BHK Flat for sale in Dwarka Mor,₹16.0 L,,₹3.95 K/sq.ft,,None sq.ft,
,3 BHK Independent Builder Floor for sale in Dwarka Mor,₹47.0 L,,₹5.88 K/sq.ft,North-east,None sq.ft,
,2 BHK Independent Builder Floor for sale in Dwarka Mor,₹27.0 L,,₹4.5 K/sq.ft,North-east,None sq.ft,
The Ghar,2 BHK Flat for sale in Dwarka Mor,₹26.0 L,,₹4.73 K/sq.ft,,None sq.ft,
,3 BHK Independent House for sale in Dwarka Mor,₹45.0 L,,₹6.67 K/sq.ft,,None sq.ft,
Shree Homes 2,3 BHK Flat for sale in Dwarka Mor,₹64.0 L,,₹7.11 K/sq.ft,,None sq.ft,
Planner N Maker Affordable Floors,1 BHK Flat for sale in Dwarka Mor,₹18.0 L,,₹3.6 K/sq.ft,,None sq.ft,
,2 BHK Independent Builder Floor for sale in Dwarka Mor,₹26.0 L,,₹4.33 K/sq.ft,South-west,None sq.ft,
Satya Sai Homes,3 BHK Flat for sale in Dwarka Mor,₹44.0 L,,₹5.87 K/sq.ft,,None sq.ft,
Khatu Shhyam Luxury Homes,3 BHK Flat for sale in Dwarka Mor,₹50.0 L,,₹6.17 K/sq.ft,,None sq.ft,
The Ghar,3 BHK Flat for sale in Dwarka Mor,₹55.0 L,,₹7.05 K/sq.ft,,None sq.ft,
,2 BHK Independent Builder Floor for sale in Dwarka Mor,₹28.0 L,,₹4.67 K/sq.ft,East,None sq.ft,
,2 BHK Independent Builder Floor for sale in Dwarka Mor,₹24.0 L,,₹4.36 K/sq.ft,,None sq.ft,
,3 BHK Independent Builder Floor for sale in Dwarka Mor,₹42.51 L,,₹5.28 K/sq.ft,North,None sq.ft,
,3 BHK Flat for sale in Dwarka Mor,₹65.0 L,,₹7.3 K/sq.ft,South-east,None sq.ft,
,5 BHK Independent House for sale in Dwarka Mor,₹78.0 L,,₹15.92 K/sq.ft,East,None sq.ft,
,5 BHK Independent House for sale in Dwarka Mor,₹75.0 L,,₹10.5 K/sq.ft,,None sq.ft,
,3 BHK Independent Builder Floor for sale in Dwarka Mor,₹40.0 L,,₹5.0 K/sq.ft,North,None sq.ft,
,3 BHK Independent Builder Floor for sale in Dwarka Mor,₹52.0 L,,₹5.78 K/sq.ft,North-west,None sq.ft,
Prem Homes,2 BHK Flat for sale in Dwarka Mor,₹26.92 L,,₹4.49 K/sq.ft,,None sq.ft,
Dream Home,3 BHK Flat for sale in Dwarka Mor,₹80.0 L,,₹7.41 K/sq.ft,,None sq.ft,
,2 BHK Independent Builder Floor for sale in Dwarka Mor,₹30.0 L,,₹5.0 K/sq.ft,South-east,None sq.ft,
Green Valley Homes,2 BHK Flat for sale in Dwarka Mor,₹35.0 L,,₹5.83 K/sq.ft,,None sq.ft,
Adarsh homes Dwarka mor,1 BHK Independent Builder Floor for sale in Dwarka Mor,₹22.0 L,,₹5.5 K/sq.ft,,None sq.ft,
S Gambhir Metrowalk,3 BHK Flat for sale in Dwarka Mor,₹62.0 L,,₹6.56 K/sq.ft,,None sq.ft,
,3 BHK Independent Builder Floor for sale in Dwarka Mor,₹45.0 L,,₹6.0 K/sq.ft,South-east,None sq.ft,
G3,4 BHK Flat for sale in Dwarka Mor,₹65.0 L,,₹5.42 K/sq.ft,,None sq.ft,
,3 BHK Independent Builder Floor for sale in Dwarka Mor,₹65.0 L,,₹7.22 K/sq.ft,East,None sq.ft,
RP Luxury Floors,3 BHK Flat for sale in Dwarka Mor,₹51.28 L,,₹5.7 K/sq.ft,,None sq.ft,
DWARKA SECTOR 3 HIMACHALI APARTEMENT,3 BHK Flat for sale in Dwarka Mor,₹1.88 Cr,,₹10.44 K/sq.ft,,None sq.ft,
,2 BHK Independent Builder Floor for sale in Dwarka Mor,₹31.0 L,,₹4.77 K/sq.ft,,None sq.ft,
mohan garden uttam nagar,3 BHK Independent Builder Floor for sale in Dwarka Mor,₹47.0 L,,₹5.53 K/sq.ft,,None sq.ft,
JSR infrastructure,3 BHK Flat for sale in Dwarka Mor,₹50.0 L,,₹5.88 K/sq.ft,,None sq.ft,
JSR builtech,1 BHK Flat for sale in Dwarka Mor,₹53.0 L,,₹6.2 K/sq.ft,,None sq.ft,
Pratiksha Niwas,3 BHK Flat for sale in Dwarka Mor,₹43.0 L,,₹4.68 K/sq.ft,,None sq.ft,
Shree Home I by Shree,3 BHK Flat for sale in Dwarka Mor,₹56.61 L,,₹6.29 K/sq.ft,,None sq.ft,
Planner N Maker Affordable Floors,3 BHK Flat for sale in Dwarka Mor,₹45.0 L,,₹5.0 K/sq.ft,,None sq.ft,
Khatushyam Homes 1,3 BHK Flat for sale in Dwarka Mor,₹45.0 L,,₹5.77 K/sq.ft,,None sq.ft,
The Ghar,3 BHK Flat for sale in Dwarka Mor,₹56.0 L,,₹6.22 K/sq.ft,,None sq.ft,
,2 BHK Independent Builder Floor for sale in Dwarka Mor,₹28.5 L,,₹4.6 K/sq.ft,South-west,None sq.ft,
,3 BHK Independent Builder Floor for sale in Dwarka Mor,₹50.0 L,,₹5.56 K/sq.ft,West,None sq.ft,
,2 BHK Independent Builder Floor for sale in Dwarka Mor,₹26.0 L,,₹4.81 K/sq.ft,West,None sq.ft,
,4 BHK Independent Builder Floor for sale in Dwarka Mor,₹80.0 L,,₹6.67 K/sq.ft,South-west,None sq.ft,
Adarsh homes Dwarka mor,3 BHK Flat for sale in Dwarka Mor,₹60.0 L,,₹6.52 K/sq.ft,,None sq.ft,
S Gambhir Homes II,1 BHK Independent Builder Floor for sale in Dwarka Mor,₹19.0 L,,₹3.84 K/sq.ft,,None sq.ft,
,3 BHK Independent Builder Floor for sale in Dwarka Mor,₹38.0 L,,₹4.69 K/sq.ft,North,None sq.ft,
G3,3 BHK Flat for sale in Dwarka Mor,₹50.0 L,,₹5.56 K/sq.ft,,None sq.ft,
8 Majestic Home by 8 Majestic Home,4 BHK Flat for sale in Dwarka Mor,₹64.0 L,,₹5.57 K/sq.ft,,None sq.ft,
RP Affordable Homes,3 BHK Flat for sale in Dwarka Mor,₹50.5 L,,₹5.61 K/sq.ft,,None sq.ft,
Adarsh homes Dwarka mor,1 BHK Independent Builder Floor for sale in Dwarka Mor,₹22.0 L,,₹5.5 K/sq.ft,,None sq.ft,
Adarsh homes Dwarka mor,2 BHK Flat for sale in Dwarka Mor,₹32.0 L,,₹5.71 K/sq.ft,,None sq.ft,
Adarsh homes Dwarka mor,2 BHK Flat for sale in Dwarka Mor,₹32.0 L,,₹5.71 K/sq.ft,,None sq.ft,
Adarsh homes Dwarka mor,2 BHK Flat for sale in Dwarka Mor,₹32.0 L,,₹5.71 K/sq.ft,,None sq.ft,
Adarsh homes Dwarka mor,1 BHK Independent Builder Floor for sale in Dwarka Mor,₹23.0 L,,₹5.75 K/sq.ft,,None sq.ft,
Adarsh homes Dwarka mor,1 BHK Independent Builder Floor for sale in Dwarka Mor,₹23.0 L,,₹5.75 K/sq.ft,,None sq.ft,
Adarsh homes Dwarka mor,1 BHK Independent Builder Floor for sale in Dwarka Mor,₹22.0 L,,₹5.5 K/sq.ft,,None sq.ft,
Adarsh homes Dwarka mor,3 BHK Flat for sale in Dwarka Mor,₹61.0 L,,₹6.63 K/sq.ft,,None sq.ft,
Adarsh homes Dwarka mor,2 BHK Flat for sale in Dwarka Mor,₹32.0 L,,₹5.71 K/sq.ft,,None sq.ft,
Adarsh homes Dwarka mor,1 BHK Independent Builder Floor for sale in Dwarka Mor,₹22.0 L,,₹5.5 K/sq.ft,,None sq.ft,
Adarsh homes Dwarka mor,1 BHK Independent Builder Floor for sale in Dwarka Mor,₹22.0 L,,₹5.5 K/sq.ft,,None sq.ft,
Adarsh homes Dwarka mor,1 BHK Independent Builder Floor for sale in Dwarka Mor,₹23.0 L,,₹5.75 K/sq.ft,,None sq.ft,
Adarsh homes Dwarka mor,3 BHK Flat for sale in Dwarka Mor,₹60.0 L,,₹6.52 K/sq.ft,,None sq.ft,
Adarsh homes Dwarka mor,2 BHK Flat for sale in Dwarka Mor,₹32.0 L,,₹5.71 K/sq.ft,,None sq.ft,
Adarsh homes Dwarka mor,3 BHK Independent Builder Floor for sale in Dwarka Mor,₹41.0 L,,₹6.12 K/sq.ft,,None sq.ft,
Adarsh homes Dwarka mor,1 BHK Independent Builder Floor for sale in Dwarka Mor,₹22.0 L,,₹5.5 K/sq.ft,,None sq.ft,
Adarsh homes Dwarka mor,3 BHK Independent Builder Floor for sale in Dwarka Mor,₹41.0 L,,₹6.12 K/sq.ft,,None sq.ft,
Adarsh homes Dwarka mor,1 BHK Independent Builder Floor for sale in Dwarka Mor,₹23.0 L,,₹5.75 K/sq.ft,,None sq.ft,
Adarsh homes Dwarka mor,2 BHK Flat for sale in Dwarka Mor,₹32.0 L,,₹5.71 K/sq.ft,,None sq.ft,
Adarsh homes Dwarka mor,2 BHK Flat for sale in Dwarka Mor,₹30.0 L,,₹5.36 K/sq.ft,,None sq.ft,
Adarsh homes Dwarka mor,2 BHK Flat for sale in Dwarka Mor,₹30.0 L,,₹5.36 K/sq.ft,,None sq.ft,
Adarsh homes Dwarka mor,3 BHK Independent Builder Floor for sale in Dwarka Mor,₹41.0 L,,₹6.12 K/sq.ft,,None sq.ft,
Adarsh homes Dwarka mor,3 BHK Flat for sale in Dwarka Mor,₹59.0 L,,₹6.41 K/sq.ft,,None sq.ft,
Adarsh homes Dwarka mor,1 BHK Independent Builder Floor for sale in Dwarka Mor,₹22.0 L,,₹5.5 K/sq.ft,,None sq.ft,
Adarsh homes Dwarka mor,1 BHK Independent Builder Floor for sale in Dwarka Mor,₹22.0 L,,₹5.5 K/sq.ft,,None sq.ft,
Adarsh homes Dwarka mor,1 BHK Flat for sale in Dwarka Mor,₹22.0 L,,₹5.5 K/sq.ft,,None sq.ft,
Adarsh homes Dwarka mor,2 BHK Flat for sale in Dwarka Mor,₹32.0 L,,₹5.71 K/sq.ft,,None sq.ft,
Adarsh homes Dwarka mor,3 BHK Flat for sale in Dwarka Mor,₹62.0 L,,₹6.74 K/sq.ft,,None sq.ft,
Adarsh homes Dwarka mor,3 BHK Flat for sale in Dwarka Mor,₹59.0 L,,₹6.41 K/sq.ft,,None sq.ft,
,3 BHK Independent Builder Floor for sale in Dwarka Mor,₹45.0 L,,₹5.0 K/sq.ft,East,None sq.ft,
,3 BHK Independent Builder Floor for sale in Dwarka Mor,₹60.0 L,,₹4.78 K/sq.ft,West,None sq.ft,
Adarsh homes Dwarka mor,3 BHK Flat for sale in Dwarka Mor,₹60.0 L,,₹6.52 K/sq.ft,,None sq.ft,
Adarsh homes Dwarka mor,2 BHK Flat for sale in Dwarka Mor,₹30.0 L,,₹5.36 K/sq.ft,,None sq.ft,
Adarsh homes Dwarka mor,3 BHK Flat for sale in Dwarka Mor,₹33.0 L,,₹4.93 K/sq.ft,,None sq.ft,
Adarsh homes Dwarka mor,2 BHK Flat for sale in Dwarka Mor,₹30.0 L,,₹5.36 K/sq.ft,,None sq.ft,
Adarsh homes Dwarka mor,2 BHK Flat for sale in Dwarka Mor,₹26.0 L,,₹4.64 K/sq.ft,,None sq.ft,
Adarsh homes Dwarka mor,1 BHK Flat for sale in Dwarka Mor,₹22.0 L,,₹5.5 K/sq.ft,,None sq.ft,
Adarsh homes Dwarka mor,1 BHK Independent Builder Floor for sale in Dwarka Mor,₹22.0 L,,₹5.5 K/sq.ft,,None sq.ft,
Adarsh homes Dwarka mor,1 BHK Independent Builder Floor for sale in Dwarka Mor,₹23.0 L,,₹5.75 K/sq.ft,,None sq.ft,
Adarsh Homes Dwarka mor,1 BHK Independent Builder Floor for sale in Dwarka Mor,₹23.0 L,,₹5.75 K/sq.ft,,None sq.ft,
Adarsh homes Dwarka mor,1 BHK Independent Builder Floor for sale in Dwarka Mor,₹22.0 L,,₹5.5 K/sq.ft,,None sq.ft,
Adarsh homes Dwarka mor,1 BHK Flat for sale in Dwarka Mor,₹22.0 L,,₹5.5 K/sq.ft,,None sq.ft,
Adarsh homes Dwarka mor,3 BHK Independent Builder Floor for sale in Dwarka Mor,₹42.0 L,,₹6.27 K/sq.ft,,None sq.ft,
Adarsh homes Dwarka mor,2 BHK Flat for sale in Dwarka Mor,₹32.0 L,,₹5.71 K/sq.ft,,None sq.ft,
Adarsh homes Dwarka mor,3 BHK Flat for sale in Dwarka Mor,₹60.0 L,,₹6.52 K/sq.ft,,None sq.ft,
Adarsh homes Dwarka mor,1 BHK Independent Builder Floor for sale in Dwarka Mor,₹23.0 L,,₹5.75 K/sq.ft,,None sq.ft,
Adarsh homes Dwarka mor,2 BHK Flat for sale in Dwarka Mor,₹32.0 L,,₹5.71 K/sq.ft,,None sq.ft,
Adarsh homes Dwarka mor,3 BHK Independent Builder Floor for sale in Dwarka Mor,₹42.0 L,,₹5.6 K/sq.ft,,None sq.ft,
Adarsh homes Dwarka mor,1 BHK Independent Builder Floor for sale in Dwarka Mor,₹22.0 L,,₹5.5 K/sq.ft,,None sq.ft,
Adarsh homes Dwarka mor,3 BHK Flat for sale in Dwarka Mor,₹60.0 L,,₹6.52 K/sq.ft,,None sq.ft,
Adarsh homes Dwarka mor,1 BHK Independent Builder Floor for sale in Dwarka Mor,₹22.0 L,,₹5.5 K/sq.ft,,None sq.ft,
Adarsh homes Dwarka mor,1 BHK Independent Builder Floor for sale in Dwarka Mor,₹22.0 L,,₹5.5 K/sq.ft,,None sq.ft,
Adarsh homes Dwarka mor,1 BHK Independent Builder Floor for sale in Dwarka Mor,₹23.0 L,,₹5.75 K/sq.ft,,None sq.ft,
Adarsh homes Dwarka mor,3 BHK Flat for sale in Dwarka Mor,₹60.0 L,,₹6.52 K/sq.ft,,None sq.ft,
Adarsh homes Dwarka mor,2 BHK Flat for sale in Dwarka Mor,₹32.0 L,,₹5.71 K/sq.ft,,None sq.ft,
Adarsh homes Dwarka mor,1 BHK Independent Builder Floor for sale in Dwarka Mor,₹22.0 L,,₹5.5 K/sq.ft,,None sq.ft,
Adarsh homes Dwarka mor,3 BHK Flat for sale in Dwarka Mor,₹60.0 L,,₹6.52 K/sq.ft,,None sq.ft,
Adarsh homes Dwarka mor,3 BHK Flat for sale in Dwarka Mor,₹60.0 L,,₹6.52 K/sq.ft,,None sq.ft,
Vipin Garden,4 BHK Independent Builder Floor for sale in Dwarka Mor,₹58.0 L,,₹5.16 K/sq.ft,,None sq.ft,
ndependent Floor,2 BHK Independent Builder Floor for sale in Dwarka Mor,₹30.0 L,,₹4.0 K/sq.ft,,None sq.ft,
,2 BHK Independent Builder Floor for sale in Dwarka Mor,₹26.0 L,,₹4.33 K/sq.ft,North,None sq.ft,
Swastik Affordable Homes,2 BHK Independent Builder Floor for sale in Dwarka Mor,₹26.0 L,,₹4.81 K/sq.ft,,None sq.ft,
,3 BHK Independent Builder Floor for sale in Dwarka Mor,₹46.0 L,,₹5.11 K/sq.ft,South-east,None sq.ft,
,2 BHK Independent Builder Floor for sale in Dwarka Mor,₹32.0 L,,₹5.33 K/sq.ft,South-east,None sq.ft,
,3 BHK Independent Builder Floor for sale in Dwarka Mor,₹46.0 L,,₹4.84 K/sq.ft,North,None sq.ft,
,2 BHK Independent Builder Floor for sale in Dwarka Mor,₹30.0 L,,₹5.56 K/sq.ft,East,None sq.ft,
,3 BHK Independent Builder Floor for sale in Dwarka Mor,₹53.0 L,,₹5.89 K/sq.ft,South-west,None sq.ft,
,3 BHK Independent Builder Floor for sale in Dwarka Mor,₹52.0 L,,₹6.42 K/sq.ft,South-west,None sq.ft,
,3 BHK Independent Builder Floor for sale in Dwarka Mor,₹55.0 L,,₹6.79 K/sq.ft,South-west,None sq.ft,
Green Valley Homes,2 BHK Flat for sale in Dwarka Mor,₹27.5 L,,₹5.0 K/sq.ft,,None sq.ft,
Green Valley Homes,2 BHK Flat for sale in Dwarka Mor,₹31.5 L,,₹5.73 K/sq.ft,,None sq.ft,
Green Valley Homes,3 BHK Flat for sale in Dwarka Mor,₹65.0 L,,₹7.22 K/sq.ft,,None sq.ft,
,3 BHK Independent Builder Floor for sale in Dwarka Mor,₹55.0 L,,₹6.11 K/sq.ft,East,None sq.ft,
,4 BHK Independent Builder Floor for sale in Dwarka Mor,₹66.0 L,,₹5.5 K/sq.ft,South-east,None sq.ft,
Green Valley Affordables And Luxury Homes,2 BHK Flat for sale in Dwarka Mor,₹27.0 L,,₹4.91 K/sq.ft,,None sq.ft,
Green Valley Homes,3 BHK Flat for sale in Dwarka Mor,₹41.0 L,,₹5.06 K/sq.ft,,None sq.ft,
,4 BHK Independent Builder Floor for sale in Dwarka Mor,₹65.0 L,,₹5.65 K/sq.ft,North,None sq.ft,
Green Valley Homes 1 by Green Valley,3 BHK Flat for sale in Dwarka Mor,₹50.0 L,,₹5.56 K/sq.ft,,None sq.ft,
Green Valley Homes,4 BHK Flat for sale in Dwarka Mor,₹65.0 L,,₹5.42 K/sq.ft,,None sq.ft,
,S Gambhir The Ayodhya,₹25 L - 45 L,"2, 3 BHK Flats for sale in Dwarka Mor",₹None K/sq.ft,,585.0 sq.ft,"May, 2022"
,Adarsh Affordables And Luxury Homes,₹25.0 L - 60.0 L,"2, 3 BHK Flats for sale in Dwarka Mor",₹None K/sq.ft,,450.0 sq.ft,"Aug, 2020"
,The Amaravathy3,₹23.0 L - 45.0 L,"2, 3 BHK Flats for sale in Dwarka Mor",₹None K/sq.ft,,560.0 sq.ft,"Apr, 2023"
,Chanchal Homes 25RERA,₹24.5 L - 60.0 L,"2, 3 BHK Flats for sale in Dwarka Mor",₹None K/sq.ft,,650.0 sq.ft,"Dec, 2021"
,Shubhlabh Affordable Homes,₹21 L - 1 Cr,"2, 3, 4 BHK Builder Floors for sale in Dwarka Mor",₹None K/sq.ft,,540.0 sq.ft,"Jan, 2023"
,Luxurious Happy Homes5RERA,₹15 L - 65 L,"1, 2, 3 BHK Flats for sale in Dwarka Mor",₹None K/sq.ft,,300.0 sq.ft,"Apr, 2022"
,Prem Homes5RERA,₹26.5 L - 50 L,"2, 3 BHK Flats for sale in Dwarka Mor",₹None K/sq.ft,,600.0 sq.ft,"Apr, 2021"
,Basera By Khatushyam Builders5,₹24 L - 52 L,"2, 3 BHK Flats for sale in Dwarka Mor",₹None K/sq.ft,,600.0 sq.ft,"Feb, 2023"
,Green Valley Affordables And Luxury Homes3.3RERA,₹23.5 L - 59.99 L,"2, 3 BHK Flats for sale in Dwarka Mor",₹None K/sq.ft,,450.0 sq.ft,"Jul, 2020"
,Shiv Ganga Luxurious Homes,₹65 L - 85 L,3 BHK Builder Floor for sale in Dwarka Mor,₹None K/sq.ft,,1080.0 sq.ft,"Sep, 2023"
,Metroview By S gambhir Buildtech Dwarka Mor5RERA,₹24.0 L - 40.0 L,"2, 3 BHK Builder Floors for sale in Dwarka Mor",₹4.62 K/sq.ft,,530.0 sq.ft,"Nov, 2022"
,RP Affordable Homes,₹28 L - 1 Cr,"2, 3, 4 BHK Flats for sale in Dwarka Mor",₹None K/sq.ft,,630.0 sq.ft,"Jul, 2023"
,Guru Ji Luxury Dream Homes5,₹20 L - 70 L,"1, 2, 3, 4 BHK Flats for sale in Dwarka Mor",₹None K/sq.ft,,450.0 sq.ft,"Feb, 2022"
,Green Valley Affordable livingsRERA,₹23.5 L - 60.01 L,"2, 3 BHK Flats for sale in Dwarka Mor",₹None K/sq.ft,,460.0 sq.ft,"Nov, 2020"
,Shiv Ganga HomesRERA,₹35.0 L - 75.0 L,"2, 3 BHK Flats for sale in Dwarka Mor",₹None K/sq.ft,,675.0 sq.ft,"Dec, 2021"
,KhatuShyam Luxury HomesRERA,₹23.0 L - 60.0 L,"2, 3 BHK Flats for sale in Dwarka Mor",₹None K/sq.ft,,550.0 sq.ft,"Oct, 2021"
,Shiv Ganga Homes ,₹30 L - 62.0 L,"2, 3, 4 BHK Flats for sale in Dwarka Mor",₹None K/sq.ft,,600.0 sq.ft,"Apr, 2023"
,Adarsh Affordable Apartments1,₹22.0 L - 45.0 L,"2, 3 BHK Flats for sale in Dwarka Mor",₹None K/sq.ft,,540.0 sq.ft,"Oct, 2021"
Prem Homes,3 BHK Flat for sale in Dwarka Mor,₹40.0 L,,₹4.94 K/sq.ft,,None sq.ft,
Prem Homes,3 BHK Flat for sale in Dwarka Mor,₹55.0 L,,₹6.79 K/sq.ft,,None sq.ft,
,2 BHK Independent Builder Floor for sale in Dwarka Mor,₹25.0 L,,₹5.56 K/sq.ft,North-east,None sq.ft,
G3,3 BHK Flat for sale in Dwarka Mor,₹57.0 L,,₹6.33 K/sq.ft,,None sq.ft,
G3,3 BHK Flat for sale in Dwarka Mor,₹55.0 L,,₹6.11 K/sq.ft,,None sq.ft,
G3,3 BHK Flat for sale in Dwarka Mor,₹47.0 L,,₹5.8 K/sq.ft,,None sq.ft,
G3,3 BHK Flat for sale in Dwarka Mor,₹57.0 L,,₹6.33 K/sq.ft,,None sq.ft,
G3,4 BHK Flat for sale in Dwarka Mor,₹65.0 L,,₹5.42 K/sq.ft,,None sq.ft,
The Ghar,2 BHK Flat for sale in Dwarka Mor,₹27.0 L,,₹4.5 K/sq.ft,,None sq.ft,
g3buildtech,2 BHK Flat for sale in Dwarka Mor,₹26.0 L,,₹4.73 K/sq.ft,,None sq.ft,
G3,3 BHK Flat for sale in Dwarka Mor,₹54.5 L,,₹6.06 K/sq.ft,,None sq.ft,
G3,3 BHK Flat for sale in Dwarka Mor,₹54.0 L,,₹6.0 K/sq.ft,,None sq.ft,
G3,3 BHK Flat for sale in Dwarka Mor,₹54.0 L,,₹6.0 K/sq.ft,,None sq.ft,
G3,3 BHK Flat for sale in Dwarka Mor,₹55.0 L,,₹6.11 K/sq.ft,,None sq.ft,
Sidharth Homes 1,2 BHK Flat for sale in Dwarka Mor,₹24.0 L,,₹4.36 K/sq.ft,,None sq.ft,
Sidharth Homes 1,2 BHK Flat for sale in Dwarka Mor,₹22.0 L,,₹4.89 K/sq.ft,,None sq.ft,
Nawada Housing Complex,2 BHK Flat for sale in Dwarka Mor,₹25.0 L,,₹4.5 K/sq.ft,,None sq.ft,
Sidharth Rathi Luxury Homes,3 BHK Independent Builder Floor for sale in Dwarka Mor,₹50.98 L,,₹5.66 K/sq.ft,,None sq.ft,
G3 The Luxury Appartments,2 BHK Flat for sale in Dwarka Mor,₹30.0 L,,₹5.0 K/sq.ft,,None sq.ft,
Shiv Mahima Smart Floors,3 BHK Flat for sale in Dwarka Mor,₹54.0 L,,₹6.0 K/sq.ft,,None sq.ft,
RP Luxury Floors,3 BHK Flat for sale in Dwarka Mor,₹51.75 L,,₹5.75 K/sq.ft,,None sq.ft,
RP Luxury Floors,3 BHK Flat for sale in Dwarka Mor,₹52.0 L,,₹5.78 K/sq.ft,,None sq.ft,
RP,4 BHK Independent Builder Floor for sale in Dwarka Mor,₹57.5 L,,₹5.11 K/sq.ft,,None sq.ft,
RP,2 BHK Flat for sale in Dwarka Mor,₹33.5 L,,₹5.32 K/sq.ft,,None sq.ft,
RP Luxury Floors,3 BHK Flat for sale in Dwarka Mor,₹51.5 L,,₹5.72 K/sq.ft,,None sq.ft,
RP Affordable Flats,3 BHK Flat for sale in Dwarka Mor,₹53.0 L,,₹6.24 K/sq.ft,,None sq.ft,
RP,2 BHK Flat for sale in Dwarka Mor,₹32.5 L,,₹5.16 K/sq.ft,,None sq.ft,
RP,3 BHK Flat for sale in Dwarka Mor,₹54.0 L,,₹6.35 K/sq.ft,,None sq.ft,
RP Luxury Floors,3 BHK Flat for sale in Dwarka Mor,₹53.5 L,,₹6.29 K/sq.ft,,None sq.ft,
RP Affordable Homes,3 BHK Flat for sale in Dwarka Mor,₹53.75 L,,₹6.32 K/sq.ft,,None sq.ft,
RP,4 BHK Flat for sale in Dwarka Mor,₹64.5 L,,₹5.86 K/sq.ft,,None sq.ft,
RP Luxury Floors,3 BHK Independent Builder Floor for sale in Dwarka Mor,₹52.75 L,,₹6.21 K/sq.ft,,None sq.ft,
RP,4 BHK Flat for sale in Dwarka Mor,₹65.0 L,,₹5.91 K/sq.ft,,None sq.ft,
RP,2 BHK Independent Builder Floor for sale in Dwarka Mor,₹33.5 L,,₹5.58 K/sq.ft,,None sq.ft,
RP Luxury Floors,3 BHK Flat for sale in Dwarka Mor,₹52.25 L,,₹5.81 K/sq.ft,,None sq.ft,
RP Luxury Floors,3 BHK Flat for sale in Dwarka Mor,₹53.25 L,,₹6.26 K/sq.ft,,None sq.ft,
RP,4 BHK Flat for sale in Dwarka Mor,₹63.75 L,,₹5.67 K/sq.ft,,None sq.ft,
RP,2 BHK Independent Builder Floor for sale in Dwarka Mor,₹32.25 L,,₹5.12 K/sq.ft,,None sq.ft,
RP,3 BHK Flat for sale in Dwarka Mor,₹55.0 L,,₹6.11 K/sq.ft,,None sq.ft,
RP,4 BHK Flat for sale in Dwarka Mor,₹58.0 L,,₹4.83 K/sq.ft,,None sq.ft,
RP Affordable Homes,3 BHK Flat for sale in Dwarka Mor,₹51.0 L,,₹5.67 K/sq.ft,,None sq.ft,
RP,3 BHK Flat for sale in Dwarka Mor,₹48.0 L,,₹5.65 K/sq.ft,,None sq.ft,
RP,3 BHK Flat for sale in Dwarka Mor,₹49.0 L,,₹5.76 K/sq.ft,,None sq.ft,
RP Luxury Floors,3 BHK Flat for sale in Dwarka Mor,₹50.75 L,,₹5.64 K/sq.ft,,None sq.ft,
RP,4 BHK Flat for sale in Dwarka Mor,₹62.0 L,,₹4.96 K/sq.ft,,None sq.ft,
RP Luxury Floors,3 BHK Flat for sale in Dwarka Mor,₹52.0 L,,₹6.36 K/sq.ft,,None sq.ft,
RP,2 BHK Flat for sale in Dwarka Mor,₹30.0 L,,₹4.76 K/sq.ft,,None sq.ft,
RP,3 BHK Flat for sale in Dwarka Mor,₹54.0 L,,₹6.0 K/sq.ft,,None sq.ft,
RP,3 BHK Flat for sale in Dwarka Mor,₹52.0 L,,₹6.42 K/sq.ft,,None sq.ft,
RP,3 BHK Flat for sale in Dwarka Mor,₹54.0 L,,₹6.0 K/sq.ft,,None sq.ft,
RP Luxury Floors,3 BHK Flat for sale in Dwarka Mor,₹50.0 L,,₹5.56 K/sq.ft,,None sq.ft,
8 Majestic Home,2 BHK Flat for sale in Dwarka Mor,₹36.0 L,,₹5.54 K/sq.ft,,None sq.ft,
,3 BHK Independent Builder Floor for sale in Dwarka Mor,₹45.0 L,,₹5.77 K/sq.ft,South,None sq.ft,
,3 BHK Independent Builder Floor for sale in Dwarka Mor,₹50.0 L,,₹6.17 K/sq.ft,North,None sq.ft,
,3 BHK Independent Builder Floor for sale in Dwarka Mor,₹72.0 L,,₹8.0 K/sq.ft,,None sq.ft,
,4 BHK Independent House for sale in Dwarka Mor,₹1.4 Cr,,₹20.74 K/sq.ft,,None sq.ft,
RP Luxury Floors,4 BHK Flat for sale in Dwarka Mor,₹62.8 L,,₹5.58 K/sq.ft,,None sq.ft,
RP Luxury Floors by RP,3 BHK Flat for sale in Dwarka Mor,₹50.0 L,,₹6.17 K/sq.ft,,None sq.ft,
R P,4 BHK Flat for sale in Dwarka Mor,₹65.0 L,,₹5.42 K/sq.ft,,None sq.ft,
RP Luxury Floors,3 BHK Flat for sale in Dwarka Mor,₹50.0 L,,₹6.17 K/sq.ft,,None sq.ft,
8 Majestic Homes - I by 8 Majestic Home,2 BHK Flat for sale in Dwarka Mor,₹45.0 L,,₹6.43 K/sq.ft,,None sq.ft,
,4 BHK Independent Builder Floor for sale in Dwarka Mor,₹65.0 L,,₹4.81 K/sq.ft,North,None sq.ft,
Shiv Mahima Luxury Floors,2 BHK Flat for sale in Dwarka Mor,₹28.86 L,,₹4.81 K/sq.ft,,None sq.ft,
,2 BHK Independent Builder Floor for sale in Dwarka Mor,₹27.53 L,,₹4.59 K/sq.ft,West,None sq.ft,
,2 BHK Independent Builder Floor for sale in Dwarka Mor,₹30.0 L,,₹5.0 K/sq.ft,North-west,None sq.ft,
,3 BHK Independent Builder Floor for sale in Dwarka Mor,₹44.5 L,,₹5.49 K/sq.ft,West,None sq.ft,
,2 BHK Independent Builder Floor for sale in Dwarka Mor,₹27.41 L,,₹4.57 K/sq.ft,North,None sq.ft,
,3 BHK Independent Builder Floor for sale in Dwarka Mor,₹48.0 L,,₹5.33 K/sq.ft,South-west,None sq.ft,
Shiv Mahima Luxury Floors,3 BHK Flat for sale in Dwarka Mor,₹47.5 L,,₹5.28 K/sq.ft,,None sq.ft,
,3 BHK Independent Builder Floor for sale in Dwarka Mor,₹47.0 L,,₹5.22 K/sq.ft,South-west,None sq.ft,
,2 BHK Independent Builder Floor for sale in Dwarka Mor,₹27.38 L,,₹4.56 K/sq.ft,South-east,None sq.ft,
,2 BHK Independent Builder Floor for sale in Dwarka Mor,₹29.0 L,,₹4.83 K/sq.ft,East,None sq.ft,
,3 BHK Independent Builder Floor for sale in Dwarka Mor,₹51.49 L,,₹5.72 K/sq.ft,South,None sq.ft,
S Gambhir The Palladium,2 BHK Flat for sale in Dwarka Mor,₹26.0 L,,₹4.73 K/sq.ft,,None sq.ft,
Khatushyam Homes 1,3 BHK Flat for sale in Dwarka Mor,₹55.0 L,,₹6.11 K/sq.ft,,None sq.ft,
,2 BHK Independent Builder Floor for sale in Dwarka Mor,₹29.75 L,,₹4.58 K/sq.ft,,None sq.ft,
APA,2 BHK Independent Builder Floor for sale in Dwarka Mor,₹20.0 L,,₹3.31 K/sq.ft,,None sq.ft,
apa buildtech,1 BHK Independent Builder Floor for sale in Dwarka Mor,₹18.0 L,,₹4.43 K/sq.ft,,None sq.ft,
APA,3 BHK Flat for sale in Dwarka Mor,₹66.0 L,,₹7.33 K/sq.ft,,None sq.ft,
,3 BHK Independent Builder Floor for sale in Dwarka Mor,₹40.0 L,,₹5.93 K/sq.ft,East,None sq.ft,
,3 BHK Independent Builder Floor for sale in Dwarka Mor,₹42.51 L,,₹5.67 K/sq.ft,North-east,None sq.ft,
,3 BHK Independent Builder Floor for sale in Dwarka Mor,₹41.0 L,,₹4.32 K/sq.ft,North-east,None sq.ft,
Kaanha Homes 2,1 BHK Independent Builder Floor for sale in Dwarka Mor,₹20.0 L,,₹4.44 K/sq.ft,,None sq.ft,
Kaanha Homes 2,2 BHK Independent Builder Floor for sale in Dwarka Mor,₹25.0 L,,₹4.55 K/sq.ft,,None sq.ft,
indipandent builder floor,2 BHK Independent Builder Floor for sale in Dwarka Mor,₹35.0 L,,₹6.36 K/sq.ft,,None sq.ft,
APA,3 BHK Flat for sale in Dwarka Mor,₹54.0 L,,₹6.75 K/sq.ft,,None sq.ft,
APA,1 BHK Independent Builder Floor for sale in Dwarka Mor,₹26.0 L,,₹4.73 K/sq.ft,,None sq.ft,
APA,3 BHK Independent Builder Floor for sale in Dwarka Mor,₹58.0 L,,₹6.82 K/sq.ft,,None sq.ft,
APA,3 BHK Independent Builder Floor for sale in Dwarka Mor,₹60.0 L,,₹7.06 K/sq.ft,,None sq.ft,
APA,4 BHK Independent Builder Floor for sale in Dwarka Mor,₹63.0 L,,₹5.25 K/sq.ft,,None sq.ft,
APA,2 BHK Flat for sale in Dwarka Mor,₹31.0 L,,₹5.17 K/sq.ft,,None sq.ft,
APA,4 BHK Independent Builder Floor for sale in Dwarka Mor,₹64.0 L,,₹5.82 K/sq.ft,,None sq.ft,
APA,3 BHK Flat for sale in Dwarka Mor,₹42.0 L,,₹4.94 K/sq.ft,,None sq.ft,
APA,2 BHK Independent Builder Floor for sale in Dwarka Mor,₹25.21 L,,₹5.04 K/sq.ft,,None sq.ft,
APA,1 BHK Independent House for sale in Dwarka Mor,₹19.0 L,,₹5.28 K/sq.ft,,None sq.ft,
,1 BHK Independent Builder Floor for sale in Dwarka Mor,₹16.9 L,,₹4.69 K/sq.ft,North-east,None sq.ft,
Kaanha Homes 2,2 BHK Independent Builder Floor for sale in Dwarka Mor,₹25.0 L,,₹4.55 K/sq.ft,,None sq.ft,
,3 BHK Independent Builder Floor for sale in Dwarka Mor,₹43.0 L,,₹5.73 K/sq.ft,South,None sq.ft,
G3 Home 1 by G3 Associates,3 BHK Flat for sale in Dwarka Mor,₹48.0 L,,₹6.0 K/sq.ft,,None sq.ft,
The Apna Ghar,3 BHK Flat for sale in Dwarka Mor,₹55.0 L,,₹6.88 K/sq.ft,,None sq.ft,
G3 The Luxury Appartments,2 BHK Flat for sale in Dwarka Mor,₹32.0 L,,₹5.82 K/sq.ft,,None sq.ft,
Shri krishna ASSOCIATE,2 BHK Flat for sale in Dwarka Mor,₹23.0 L,,₹4.18 K/sq.ft,,None sq.ft,
The Ghar,2 BHK Flat for sale in Dwarka Mor,₹27.1 L,,₹4.52 K/sq.ft,,None sq.ft,
,2 BHK Independent Builder Floor for sale in Dwarka Mor,₹36.0 L,,₹8.0 K/sq.ft,,None sq.ft,
,2 BHK Independent Builder Floor for sale in Dwarka Mor,₹35.0 L,,₹5.83 K/sq.ft,,None sq.ft,
,3 BHK Independent Builder Floor for sale in Dwarka Mor,₹65.0 L,,₹6.84 K/sq.ft,,None sq.ft,
,4 BHK Independent Builder Floor for sale in Dwarka Mor,₹75.0 L,,₹6.25 K/sq.ft,,None sq.ft,
,2 BHK Independent Builder Floor for sale in Dwarka Mor,₹32.0 L,,₹7.11 K/sq.ft,,None sq.ft,
The Ghar,3 BHK Flat for sale in Dwarka Mor,₹64.0 L,,₹7.11 K/sq.ft,,None sq.ft,
Planner N Maker Affordable Floors,3 BHK Flat for sale in Dwarka Mor,₹40.0 L,,₹4.71 K/sq.ft,,None sq.ft,
S Gambhir Homes,3 BHK Independent Builder Floor for sale in Dwarka Mor,₹47.0 L,,₹4.27 K/sq.ft,,None sq.ft,
S Gambhir Homes,3 BHK Flat for sale in Dwarka Mor,₹75.0 L,,₹7.58 K/sq.ft,,None sq.ft,
S Gambhir The Estonia,2 BHK Flat for sale in Dwarka Mor,₹45.5 L,,₹7.13 K/sq.ft,,None sq.ft,
S Gambhir The Palladium,2 BHK Flat for sale in Dwarka Mor,₹32.0 L,,₹5.93 K/sq.ft,,None sq.ft,
S Gambhir The Estonia,3 BHK Flat for sale in Dwarka Mor,₹65.0 L,,₹6.5 K/sq.ft,,None sq.ft,
S Gambhir The Palladium,3 BHK Flat for sale in Dwarka Mor,₹42.0 L,,₹5.25 K/sq.ft,,None sq.ft,
S Gambhir Premium Homes,3 BHK Flat for sale in Dwarka Mor,₹75.67 L,,₹6.88 K/sq.ft,,None sq.ft,
S Gambhir Premium Homes,3 BHK Independent Builder Floor for sale in Dwarka Mor,₹53.0 L,,₹5.3 K/sq.ft,,None sq.ft,
S Gambhir The Palladium,4 BHK Flat for sale in Dwarka Mor,₹80.0 L,,₹6.84 K/sq.ft,,None sq.ft,
Planner N Maker Affordable Floors,2 BHK Flat for sale in Dwarka Mor,₹29.0 L,,₹4.14 K/sq.ft,,None sq.ft,
Planner N Maker Affordable Floors,2 BHK Flat for sale in Dwarka Mor,₹24.5 L,,₹4.08 K/sq.ft,,None sq.ft,
Planner N Maker Affordable Floors,3 BHK Flat for sale in Dwarka Mor,₹37.5 L,,₹4.41 K/sq.ft,,None sq.ft,
Planner N Maker Affordable Floors,2 BHK Flat for sale in Dwarka Mor,₹28.0 L,,₹4.31 K/sq.ft,,None sq.ft,
Planner N Maker Affordable Floors,3 BHK Flat for sale in Dwarka Mor,₹42.0 L,,₹4.67 K/sq.ft,,None sq.ft,
Planner N Maker Affordable Floors,1 BHK Flat for sale in Dwarka Mor,₹17.0 L,,₹3.78 K/sq.ft,,None sq.ft,
Planner N Maker Affordable Floors,3 BHK Flat for sale in Dwarka Mor,₹38.5 L,,₹4.53 K/sq.ft,,None sq.ft,
,3 BHK Independent Builder Floor for sale in Dwarka Mor,₹46.0 L,,₹5.11 K/sq.ft,,None sq.ft,
,2 BHK Independent Builder Floor for sale in Dwarka Mor,₹28.0 L,,₹4.0 K/sq.ft,South-east,None sq.ft,
Khatu Shhyam Luxury Homes,3 BHK Flat for sale in Dwarka Mor,₹54.0 L,,₹6.0 K/sq.ft,,None sq.ft,
KhatuShyam Luxury Homes,3 BHK Flat for sale in Dwarka Mor,₹52.0 L,,₹5.78 K/sq.ft,,None sq.ft,
KhatuShyam Luxury Homes,3 BHK Flat for sale in Dwarka Mor,₹44.0 L,,₹5.43 K/sq.ft,,None sq.ft,
Khatu Shhyam Luxury Homes,3 BHK Flat for sale in Dwarka Mor,₹65.0 L,,₹7.22 K/sq.ft,,None sq.ft,
Khatu Shhyam Luxury Homes,3 BHK Flat for sale in Dwarka Mor,₹76.0 L,,₹6.91 K/sq.ft,,None sq.ft,
KhatuShyam Luxury Homes,3 BHK Flat for sale in Dwarka Mor,₹64.0 L,,₹7.11 K/sq.ft,,None sq.ft,
,3 BHK Flat for sale in Dwarka Mor,₹50.0 L,,₹6.67 K/sq.ft,,None sq.ft,
Khatu Shhyam Luxury Homes,2 BHK Flat for sale in Dwarka Mor,₹26.0 L,,₹4.33 K/sq.ft,,None sq.ft,
KhatuShyam Luxury Homes,3 BHK Flat for sale in Dwarka Mor,₹64.0 L,,₹7.11 K/sq.ft,,None sq.ft,
Khatu Shhyam Luxury Homes,2 BHK Flat for sale in Dwarka Mor,₹23.0 L,,₹3.83 K/sq.ft,,None sq.ft,
KhatuShyam Luxury Homes,3 BHK Flat for sale in Dwarka Mor,₹55.0 L,,₹6.11 K/sq.ft,,None sq.ft,
,1 BHK Independent Builder Floor for sale in Dwarka Mor,₹16.5 L,,₹3.67 K/sq.ft,North,None sq.ft,
,2 BHK Independent Builder Floor for sale in Dwarka Mor,₹24.0 L,,₹4.0 K/sq.ft,South,None sq.ft,
,2 BHK Independent Builder Floor for sale in Dwarka Mor,₹24.5 L,,₹4.08 K/sq.ft,South-east,None sq.ft,
,2 BHK Independent Builder Floor for sale in Dwarka Mor,₹25.0 L,,₹3.97 K/sq.ft,North-east,None sq.ft,
,3 BHK Independent Builder Floor for sale in Dwarka Mor,₹36.5 L,,₹4.87 K/sq.ft,North,None sq.ft,
,2 BHK Independent Builder Floor for sale in Dwarka Mor,₹22.5 L,,₹2.5 K/sq.ft,South-east,None sq.ft,
,3 BHK Flat for sale in Dwarka Mor,₹55.0 L,,₹6.17 K/sq.ft,South-east,None sq.ft,
,3 BHK Flat for sale in Dwarka Mor,₹55.0 L,,₹6.17 K/sq.ft,North,None sq.ft,
,3 BHK Flat for sale in Dwarka Mor,₹55.0 L,,₹6.11 K/sq.ft,North-east,None sq.ft,
,3 BHK Flat for sale in Dwarka Mor,₹45.0 L,,₹5.63 K/sq.ft,,None sq.ft,
Khatu Shhyam Luxury Homes,4 BHK Flat for sale in Dwarka Mor,₹65.0 L,,₹5.65 K/sq.ft,,None sq.ft,
Prime bulider,2 BHK Independent Builder Floor for sale in Dwarka Mor,₹30.0 L,,₹5.17 K/sq.ft,,None sq.ft,
Prime bulider,2 BHK Independent Builder Floor for sale in Dwarka Mor,₹24.0 L,,₹4.85 K/sq.ft,,None sq.ft,
,3 BHK Independent House for sale in Dwarka Mor,₹27.0 L,,₹10.07 K/sq.ft,,None sq.ft,
,4 BHK Independent House for sale in Dwarka Mor,₹65.0 L,,₹10.4 K/sq.ft,,None sq.ft,
,Residential Plot for sale in Dwarka Mor,₹38.0 L,,₹None K/sq.ft,,None sq.ft,
,3 BHK Independent House for sale in Dwarka Mor,₹37.0 L,,₹8.3 K/sq.ft,,None sq.ft,
P block Mohan garden,2 BHK Flat for sale in Dwarka Mor,₹12.0 L,,₹3.0 K/sq.ft,,None sq.ft,
,5 BHK Independent House for sale in Dwarka Mor,₹48.0 L,,₹10.3 K/sq.ft,,None sq.ft,
,4 BHK Independent Builder Floor for sale in Dwarka Mor,₹70.11 L,,₹6.49 K/sq.ft,East,None sq.ft,
Prime builder,3 BHK Independent Builder Floor for sale in Dwarka Mor,₹42.11 L,,₹4.81 K/sq.ft,,None sq.ft,
Mohan garden,2 BHK Flat for sale in Dwarka Mor,₹28.0 L,,₹4.0 K/sq.ft,,None sq.ft,
,3 BHK Independent House for sale in Dwarka Mor,₹59.0 L,,₹13.41 K/sq.ft,,None sq.ft,
PRIME,3 BHK Independent Builder Floor for sale in Dwarka Mor,₹55.11 L,,₹5.8 K/sq.ft,,None sq.ft,
Prime builder,4 BHK Independent Builder Floor for sale in Dwarka Mor,₹1.1 Cr,,₹7.41 K/sq.ft,,None sq.ft,
Prime builder,3 BHK Independent Builder Floor for sale in Dwarka Mor,₹57.11 L,,₹6.35 K/sq.ft,,None sq.ft,
Prime,3 BHK Independent Builder Floor for sale in Dwarka Mor,₹40.11 L,,₹4.86 K/sq.ft,,None sq.ft,
no.  A-58,3 BHK Flat for sale in Dwarka Mor,₹38.51 L,,₹4.5 K/sq.ft,,None sq.ft,
Prime builder,3 BHK Independent Builder Floor for sale in Dwarka Mor,₹42.51 L,,₹5.56 K/sq.ft,,None sq.ft,
,5 BHK Independent House for sale in Dwarka Mor,₹75.0 L,,₹16.67 K/sq.ft,,None sq.ft,
,3 BHK Independent House for sale in Dwarka Mor,₹75.0 L,,₹16.67 K/sq.ft,,None sq.ft,
,2 BHK Independent Builder Floor for sale in Dwarka Mor,₹25.0 L,,₹3.94 K/sq.ft,,None sq.ft,
,4 BHK Independent Builder Floor for sale in Dwarka Mor,₹56.0 L,,₹4.67 K/sq.ft,North-east,None sq.ft,
Prime builder,3 BHK Independent Builder Floor for sale in Dwarka Mor,₹70.0 L,,₹7.61 K/sq.ft,,None sq.ft,
PRIME,3 BHK Flat for sale in Dwarka Mor,₹44.11 L,,₹5.35 K/sq.ft,,None sq.ft,
,3 BHK Independent House for sale in Dwarka Mor,₹45.0 L,,₹10.11 K/sq.ft,,None sq.ft,
,2 BHK Independent House for sale in Dwarka Mor,₹58.0 L,,₹12.89 K/sq.ft,,None sq.ft,
,2 BHK Independent House for sale in Dwarka Mor,₹45.0 L,,₹10.11 K/sq.ft,,None sq.ft,
G3 buildtech,2 BHK Independent Builder Floor for sale in Dwarka Mor,₹25.0 L,,₹4.63 K/sq.ft,,None sq.ft,
The Ghar,2 BHK Flat for sale in Dwarka Mor,₹25.0 L,,₹5.05 K/sq.ft,,None sq.ft,
,2 BHK Independent Builder Floor for sale in Dwarka Mor,₹23.0 L,,₹4.18 K/sq.ft,,None sq.ft,
The property square,3 BHK Independent Builder Floor for sale in Dwarka Mor,₹43.3 L,,₹5.41 K/sq.ft,,None sq.ft,
The property square,2 BHK Independent Builder Floor for sale in Dwarka Mor,₹28.1 L,,₹5.11 K/sq.ft,,None sq.ft,
,3 BHK Flat for sale in Dwarka Mor,₹85.0 L,,₹7.95 K/sq.ft,,None sq.ft,
PRIME,4 BHK Flat for sale in Dwarka Mor,₹85.11 L,,₹7.4 K/sq.ft,,None sq.ft,
DWARKA MOR DELHI,2 BHK Independent Builder Floor for sale in Dwarka Mor,₹25.0 L,,₹4.55 K/sq.ft,,None sq.ft,
DWARKA MOR DELHI,3 BHK Independent House for sale in Dwarka Mor,₹54.0 L,,₹11.74 K/sq.ft,,None sq.ft,
,3 BHK Independent Builder Floor for sale in Dwarka Mor,₹48.0 L,,₹5.26 K/sq.ft,South-east,None sq.ft,
,2 BHK Independent House for sale in Dwarka Mor,₹65.0 L,,₹13.0 K/sq.ft,North-east,None sq.ft,
,2 BHK Independent House for sale in Dwarka Mor,₹70.0 L,,₹14.0 K/sq.ft,North-east,None sq.ft,
,2 BHK Independent House for sale in Dwarka Mor,₹50.0 L,,₹11.24 K/sq.ft,North-east,None sq.ft,
,3 BHK Flat for sale in Dwarka Mor,₹55.0 L,,₹6.11 K/sq.ft,North-west,None sq.ft,
,3 BHK Independent House for sale in Dwarka Mor,₹60.0 L,,₹13.48 K/sq.ft,North-east,None sq.ft,
,2 BHK Flat for sale in Dwarka Mor,₹28.0 L,,₹5.96 K/sq.ft,,None sq.ft,
,2 BHK Independent House for sale in Dwarka Mor,₹55.0 L,,₹12.36 K/sq.ft,,None sq.ft,
,3 BHK Independent Builder Floor for sale in Dwarka Mor,₹68.51 L,,₹6.92 K/sq.ft,East,None sq.ft,
,3 BHK Flat for sale in Dwarka Mor,₹45.0 L,,₹5.06 K/sq.ft,,None sq.ft,
,2 BHK Independent Builder Floor for sale in Dwarka Mor,₹23.0 L,,₹4.42 K/sq.ft,North-west,None sq.ft,
,7 BHK Independent House for sale in Dwarka Mor,₹60.0 L,,₹11.76 K/sq.ft,,None sq.ft,
,4 BHK Independent House for sale in Dwarka Mor,₹95.0 L,,₹13.77 K/sq.ft,,None sq.ft,
,3 BHK Independent House for sale in Dwarka Mor,₹60.0 L,,₹13.04 K/sq.ft,,None sq.ft,
,2 BHK Independent House for sale in Dwarka Mor,₹42.0 L,,₹12.73 K/sq.ft,,None sq.ft,
,4 BHK Independent House for sale in Dwarka Mor,₹63.0 L,,₹13.4 K/sq.ft,East,None sq.ft,
,4 BHK Independent House for sale in Dwarka Mor,₹65.0 L,,₹11.61 K/sq.ft,North,None sq.ft,
,4 BHK Independent House for sale in Dwarka Mor,₹50.0 L,,₹9.62 K/sq.ft,East,None sq.ft,
,4 BHK Independent House for sale in Dwarka Mor,₹50.0 L,,₹10.87 K/sq.ft,East,None sq.ft,
,8 BHK Independent House for sale in Dwarka Mor,₹75.0 L,,₹16.3 K/sq.ft,,None sq.ft,
,3 BHK Independent House for sale in Dwarka Mor,₹62.0 L,,₹13.48 K/sq.ft,,None sq.ft,
,3 BHK Independent House for sale in Dwarka Mor,₹42.0 L,,₹11.05 K/sq.ft,,None sq.ft,
,4 BHK Independent House for sale in Dwarka Mor,₹33.0 L,,₹7.02 K/sq.ft,East,None sq.ft,
,5 BHK Independent House for sale in Dwarka Mor,₹32.0 L,,₹13.91 K/sq.ft,East,None sq.ft,
,3 BHK Independent House for sale in Dwarka Mor,₹45.0 L,,₹9.78 K/sq.ft,,None sq.ft,
Prime,3 BHK Flat for sale in Dwarka Mor,₹55.11 L,,₹5.1 K/sq.ft,,None sq.ft,
,3 BHK Flat for sale in Dwarka Mor,₹45.0 L,,₹5.0 K/sq.ft,,None sq.ft,
,4 BHK Flat for sale in Dwarka Mor,₹65.0 L,,₹5.65 K/sq.ft,North,None sq.ft,
,1 BHK Independent House for sale in Dwarka Mor,₹35.0 L,,₹11.11 K/sq.ft,,None sq.ft,
,3 BHK Independent House for sale in Dwarka Mor,₹58.0 L,,₹13.03 K/sq.ft,,None sq.ft,
,2 BHK Independent House for sale in Dwarka Mor,₹55.0 L,,₹12.36 K/sq.ft,,None sq.ft,
,2 BHK Independent Builder Floor for sale in Dwarka Mor,₹27.0 L,,₹5.0 K/sq.ft,,None sq.ft,
,3 BHK Flat for sale in Dwarka Mor,₹55.0 L,,₹6.88 K/sq.ft,North,None sq.ft,
,3 BHK Independent House for sale in Dwarka Mor,₹55.0 L,,₹12.36 K/sq.ft,,None sq.ft,
,3 BHK Independent Builder Floor for sale in Dwarka Mor,₹54.0 L,,₹6.0 K/sq.ft,,None sq.ft,
,1 BHK Independent Builder Floor for sale in Dwarka Mor,₹15.0 L,,₹3.33 K/sq.ft,West,None sq.ft,
,1 BHK Independent Builder Floor for sale in Dwarka Mor,₹16.0 L,,₹3.56 K/sq.ft,West,None sq.ft,
,3 BHK Independent Builder Floor for sale in Dwarka Mor,₹40.0 L,,₹4.44 K/sq.ft,East,None sq.ft,
,2 BHK Independent Builder Floor for sale in Dwarka Mor,₹21.0 L,,₹3.89 K/sq.ft,East,None sq.ft,
Raman Park,1 BHK Flat for sale in Dwarka Mor,₹14.0 L,,₹3.89 K/sq.ft,,None sq.ft,
,2 BHK Flat for sale in Dwarka Mor,₹23.0 L,,₹4.18 K/sq.ft,,None sq.ft,
,4 BHK Independent House for sale in Dwarka Mor,₹62.0 L,,₹13.48 K/sq.ft,,None sq.ft,
RWA C,2 BHK Independent Builder Floor for sale in Dwarka Mor,₹21.5 L,,₹3.64 K/sq.ft,,None sq.ft,
RWA C,2 BHK Independent Builder Floor for sale in Dwarka Mor,₹24.0 L,,₹4.0 K/sq.ft,,None sq.ft,
,3 BHK Flat for sale in Dwarka Mor,₹60.0 L,,₹6.73 K/sq.ft,South-east,None sq.ft,
,3 BHK Flat for sale in Dwarka Mor,₹55.0 L,,₹6.11 K/sq.ft,,None sq.ft,
,4 BHK Flat for sale in Dwarka Mor,₹66.0 L,,₹5.5 K/sq.ft,East,None sq.ft,
,3 BHK Independent House for sale in Dwarka Mor,₹52.0 L,,₹11.69 K/sq.ft,,None sq.ft,
,3 BHK Flat for sale in Dwarka Mor,₹45.0 L,,₹5.63 K/sq.ft,South-west,None sq.ft,
,2 BHK Flat for sale in Dwarka Mor,₹32.0 L,,₹5.99 K/sq.ft,South-east,None sq.ft,
,2 BHK Independent House for sale in Dwarka Mor,₹25.0 L,,₹9.62 K/sq.ft,North,None sq.ft,
Nawada Housing Complex,9 BHK Independent House for sale in Dwarka Mor,₹75.0 L,,₹16.67 K/sq.ft,,None sq.ft,
,7 BHK Independent House for sale in Dwarka Mor,₹72.0 L,,₹13.33 K/sq.ft,East,None sq.ft,
,3 BHK Independent House for sale in Dwarka Mor,₹68.0 L,,₹14.47 K/sq.ft,,None sq.ft,
L block Mohan garden,2 BHK Independent Builder Floor for sale in Dwarka Mor,₹32.0 L,,₹5.93 K/sq.ft,,None sq.ft,
,1 BHK Independent Builder Floor for sale in Dwarka Mor,₹16.0 L,,₹3.95 K/sq.ft,East,None sq.ft,
,1 BHK Independent Builder Floor for sale in Dwarka Mor,₹15.0 L,,₹4.39 K/sq.ft,West,None sq.ft,
,2 BHK Independent Builder Floor for sale in Dwarka Mor,₹40.0 L,,₹6.15 K/sq.ft,North-west,None sq.ft,
,5 BHK Independent Builder Floor for sale in Dwarka Mor,₹55.0 L,,₹3.67 K/sq.ft,North-east,None sq.ft,
,2 BHK Independent Builder Floor for sale in Dwarka Mor,₹20.0 L,,₹1.11 K/sq.ft,,None sq.ft,
,1 BHK Independent Builder Floor for sale in Dwarka Mor,₹12.5 L,,₹3.13 K/sq.ft,,None sq.ft,
,3 BHK Independent Builder Floor for sale in Dwarka Mor,₹32.0 L,,₹1.94 K/sq.ft,,None sq.ft,
,2 BHK Independent Builder Floor for sale in Dwarka Mor,₹27.0 L,,₹4.66 K/sq.ft,,None sq.ft,
,2 BHK Independent House for sale in Dwarka Mor,₹67.0 L,,₹9.31 K/sq.ft,,None sq.ft,
,2 BHK Flat for sale in Dwarka Mor,₹26.0 L,,₹4.86 K/sq.ft,,None sq.ft,
Divine Luxury Homes,2 BHK Flat for sale in Dwarka Mor,₹32.0 L,,₹5.93 K/sq.ft,,None sq.ft,
Divine Luxury Homes,2 BHK Flat for sale in Dwarka Mor,₹28.0 L,,₹5.19 K/sq.ft,,None sq.ft,
Divine Luxury Homes,2 BHK Flat for sale in Dwarka Mor,₹28.0 L,,₹5.19 K/sq.ft,,None sq.ft,
,2 BHK Independent Builder Floor for sale in Dwarka Mor,₹22.0 L,,₹3.26 K/sq.ft,,None sq.ft,
,2 BHK Independent Builder Floor for sale in Dwarka Mor,₹35.0 L,,₹4.67 K/sq.ft,South,None sq.ft,
,4 BHK Independent Builder Floor for sale in Dwarka Mor,₹90.0 L,,₹6.73 K/sq.ft,,None sq.ft,
,3 BHK Independent Builder Floor for sale in Dwarka Mor,₹42.0 L,,₹6.0 K/sq.ft,,None sq.ft,
,2 BHK Independent Builder Floor for sale in Dwarka Mor,₹21.0 L,,₹5.12 K/sq.ft,,None sq.ft,
Malhotra Floors 2,1 BHK Flat for sale in Dwarka Mor,₹20.0 L,,₹5.0 K/sq.ft,,None sq.ft,
,2 BHK Independent Builder Floor for sale in Dwarka Mor,₹25.0 L,,₹4.17 K/sq.ft,,None sq.ft,
Munish Manchanda Atero Affordables And Luxury Homes,2 BHK Flat for sale in Dwarka Mor,₹25.0 L,,₹1.25 K/sq.ft,,None sq.ft,
,2 BHK Independent Builder Floor for sale in Dwarka Mor,₹40.0 L,,₹4.0 K/sq.ft,,None sq.ft,
SIDHATRI Enclave,3 BHK Flat for sale in Dwarka Mor,₹40.0 L,,₹4.38 K/sq.ft,,None sq.ft,
,2 BHK Flat for sale in Dwarka Mor,₹30.0 L,,₹4.55 K/sq.ft,East,None sq.ft,
,2 BHK Independent House for sale in Dwarka Mor,₹22.5 L,,₹10.0 K/sq.ft,North,None sq.ft,
,3 BHK Independent Builder Floor for sale in Dwarka Mor,₹48.0 L,,₹5.33 K/sq.ft,South,None sq.ft,
,1 BHK Independent Builder Floor for sale in Dwarka Mor,₹20.0 L,,₹5.33 K/sq.ft,,None sq.ft,
,1 BHK Independent Builder Floor for sale in Dwarka Mor,₹18.0 L,,₹4.0 K/sq.ft,,None sq.ft,
RWA C,3 BHK Flat for sale in Dwarka Mor,₹60.0 L,,₹6.73 K/sq.ft,,None sq.ft,
,1 BHK Independent Builder Floor for sale in Dwarka Mor,₹16.0 L,,₹4.44 K/sq.ft,South,None sq.ft,
green vlley,3 BHK Flat for sale in Dwarka Mor,₹44.51 L,,₹6.36 K/sq.ft,,None sq.ft,
,1 BHK Independent Builder Floor for sale in Dwarka Mor,₹10.0 L,,₹2.17 K/sq.ft,,None sq.ft,
,1 RK Independent House for sale in Dwarka Mor,₹17.0 L,,₹3.82 K/sq.ft,,None sq.ft,
Standalone,1 BHK Independent Builder Floor for sale in Dwarka Mor,₹14.0 L,,₹3.11 K/sq.ft,,None sq.ft,
City Luxury Homes,2 BHK Independent Builder Floor for sale in Dwarka Mor,₹32.0 L,,₹3.68 K/sq.ft,,None sq.ft,
RWA C,4 BHK Independent House for sale in Dwarka Mor,₹65.0 L,,₹13.0 K/sq.ft,,None sq.ft,
The City View,3 BHK Independent Builder Floor for sale in Dwarka Mor,₹60.0 L,,₹4.29 K/sq.ft,,None sq.ft,
,3 BHK Independent Builder Floor for sale in Dwarka Mor,₹45.0 L,,₹5.04 K/sq.ft,North,None sq.ft,
,2 BHK Independent House for sale in Dwarka Mor,₹25.0 L,,₹3.85 K/sq.ft,North,None sq.ft,
,2 BHK Flat for sale in Dwarka Mor,₹40.0 L,,₹7.25 K/sq.ft,,None sq.ft,
Nawada,2 BHK Independent Builder Floor for sale in Dwarka Mor,₹30.0 L,,₹4.62 K/sq.ft,,None sq.ft,
,4 BHK Independent House for sale in Dwarka Mor,₹30.0 L,,₹11.11 K/sq.ft,East,None sq.ft,
,2 BHK Independent House for sale in Dwarka Mor,₹33.0 L,,₹11.0 K/sq.ft,,None sq.ft,
,7 BHK Independent House for sale in Dwarka Mor,₹1.0 Cr,,₹4.01 K/sq.ft,East,None sq.ft,
Green apartment Jain road uttam nagar,1 BHK Flat for sale in Dwarka Mor,₹25.0 L,,₹5.56 K/sq.ft,,None sq.ft,
,1 BHK Flat for sale in Dwarka Mor,₹13.0 L,,₹3.61 K/sq.ft,,None sq.ft,
,3 BHK Independent House for sale in Dwarka Mor,₹1.5 Cr,,₹15.58 K/sq.ft,,None sq.ft,
,3 BHK Independent Builder Floor for sale in Dwarka Mor,₹42.0 L,,₹4.67 K/sq.ft,,None sq.ft,
Laxmi Apartment,2 BHK Flat for sale in Dwarka Mor,₹20.0 L,,₹4.0 K/sq.ft,,None sq.ft,
Dwarka mod mohan,3 BHK Flat for sale in Dwarka Mor,₹41.0 L,,₹4.56 K/sq.ft,,None sq.ft,
No - A-100,2 BHK Flat for sale in Dwarka Mor,₹28.0 L,,₹5.09 K/sq.ft,,None sq.ft,
No - A-100,3 BHK Flat for sale in Dwarka Mor,₹41.0 L,,₹4.56 K/sq.ft,,None sq.ft,
Vrindawan Apartment vipin garden,3 BHK Flat for sale in Dwarka Mor,₹48.0 L,,₹5.33 K/sq.ft,,None sq.ft,
,3 BHK Independent Builder Floor for sale in Dwarka Mor,₹34.5 L,,₹4.79 K/sq.ft,,None sq.ft,
,Residential Plot for sale in Dwarka Mor,₹35.0 L,,₹None K/sq.ft,,None sq.ft,
,2 BHK Independent Builder Floor for sale in Dwarka Mor,₹23.0 L,,₹5.11 K/sq.ft,,None sq.ft,
,3 BHK Independent House for sale in Dwarka Mor,₹40.0 L,,₹5.93 K/sq.ft,North,None sq.ft,
,1 BHK Independent Builder Floor for sale in Dwarka Mor,₹16.5 L,,₹4.13 K/sq.ft,,None sq.ft,
,Agricultural Land for sale in Dwarka Mor,₹20.0 L,,₹None K/sq.ft,,None sq.ft,
,3 BHK Independent House for sale in Dwarka Mor,₹50.0 L,,₹10.96 K/sq.ft,,None sq.ft,
,3 BHK Independent Builder Floor for sale in Dwarka Mor,₹42.57 L,,₹6.08 K/sq.ft,North,None sq.ft,
Delhi Homes 4,3 BHK Independent Builder Floor for sale in Dwarka Mor,₹34.0 L,,₹4.72 K/sq.ft,,None sq.ft,
Dwarka mor affordable homes,2 BHK Flat for sale in Dwarka Mor,₹33.0 L,,₹5.5 K/sq.ft,,None sq.ft,
,1 BHK Independent Builder Floor for sale in Dwarka Mor,₹12.5 L,,₹2.78 K/sq.ft,,None sq.ft,
,2 BHK Independent Builder Floor for sale in Dwarka Mor,₹33.0 L,,₹6.17 K/sq.ft,East,None sq.ft,
,Residential Plot for sale in Dwarka Mor,₹1.28 Cr,,₹None K/sq.ft,,None sq.ft,
,3 BHK Independent Builder Floor for sale in Dwarka Mor,₹75.0 L,,₹7.44 K/sq.ft,,None sq.ft,
C block Sainik nagar,2 BHK Flat for sale in Dwarka Mor,₹45.0 L,,₹6.0 K/sq.ft,,None sq.ft,
Rama Park Apartment,3 BHK Flat for sale in Dwarka Mor,₹62.0 L,,₹6.56 K/sq.ft,,None sq.ft,
,3 BHK Flat for sale in Dwarka Mor,₹48.0 L,,₹4.74 K/sq.ft,,None sq.ft,
,2 BHK Independent Builder Floor for sale in Dwarka Mor,₹22.0 L,,₹3.8 K/sq.ft,South-west,None sq.ft,
,3 BHK Independent Builder Floor for sale in Dwarka Mor,₹40.0 L,,₹4.0 K/sq.ft,,None sq.ft,
,2 BHK Independent Builder Floor for sale in Dwarka Mor,₹37.0 L,,₹5.69 K/sq.ft,,None sq.ft,
,2 BHK Independent Builder Floor for sale in Dwarka Mor,₹29.0 L,,₹5.75 K/sq.ft,,None sq.ft,
A 72,3 BHK Independent Builder Floor for sale in Dwarka Mor,₹82.0 L,,₹7.29 K/sq.ft,,None sq.ft,
,4 BHK Independent Builder Floor for sale in Dwarka Mor,₹60.0 L,,₹5.77 K/sq.ft,,None sq.ft,
,3 BHK Independent Builder Floor for sale in Dwarka Mor,₹42.0 L,,₹4.67 K/sq.ft,,None sq.ft,
Shiv Ganga Homes,3 BHK Flat for sale in Dwarka Mor,₹61.5 L,,₹6.15 K/sq.ft,,None sq.ft,
,2 BHK Independent Builder Floor for sale in Dwarka Mor,₹30.0 L,,₹4.49 K/sq.ft,,None sq.ft,
Ashiyana Apartment,2 BHK Independent Builder Floor for sale in Dwarka Mor,₹27.0 L,,₹3.0 K/sq.ft,,None sq.ft,
R R Homes,3 BHK Independent Builder Floor for sale in Dwarka Mor,₹52.0 L,,₹3.77 K/sq.ft,,None sq.ft,
,2 BHK Independent Builder Floor for sale in Dwarka Mor,₹36.79 L,,₹5.45 K/sq.ft,North,None sq.ft,
,3 BHK Independent Builder Floor for sale in Dwarka Mor,₹60.0 L,,₹5.21 K/sq.ft,West,None sq.ft,
,2 BHK Independent Builder Floor for sale in Dwarka Mor,₹44.0 L,,₹4.36 K/sq.ft,East,None sq.ft,
,2 BHK Independent House for sale in Dwarka Mor,₹80.0 L,,₹5.99 K/sq.ft,,None sq.ft,
,2 BHK Independent Builder Floor for sale in Dwarka Mor,₹38.0 L,,₹6.03 K/sq.ft,,None sq.ft,
,2 BHK Independent Builder Floor for sale in Dwarka Mor,₹25.0 L,,₹4.63 K/sq.ft,East,None sq.ft,
SG,4 BHK Flat for sale in Dwarka Mor,₹65.0 L,,₹6.5 K/sq.ft,,None sq.ft,
Shiv Ganga Homes,4 BHK Flat for sale in Dwarka Mor,₹63.0 L,,₹6.3 K/sq.ft,,None sq.ft,
,3 BHK Independent Builder Floor for sale in Dwarka Mor,₹45.0 L,,₹4.09 K/sq.ft,East,None sq.ft,
Green Apartment,1 BHK Flat for sale in Dwarka Mor,₹25.0 L,,₹6.22 K/sq.ft,,None sq.ft,
,4 BHK Independent Builder Floor for sale in Dwarka Mor,₹90.0 L,,₹6.67 K/sq.ft,North-east,None sq.ft,
Radha Apartment Dwarka mor,2 BHK Independent Builder Floor for sale in Dwarka Mor,₹35.0 L,,₹3.85 K/sq.ft,,None sq.ft,
,Residential Plot for sale in Dwarka Mor,₹60.0 L,,₹None K/sq.ft,,None sq.ft,
K D Homes,3 BHK Independent Builder Floor for sale in Dwarka Mor,₹58.0 L,,₹4.3 K/sq.ft,,None sq.ft,
Om Niwas,2 BHK Independent Builder Floor for sale in Dwarka Mor,₹33.0 L,,₹3.75 K/sq.ft,,None sq.ft,
,2 BHK Independent Builder Floor for sale in Dwarka Mor,₹32.5 L,,₹5.0 K/sq.ft,North-east,None sq.ft,
,Prem Affordable Homes3.1RERA,₹22.5 L - 45 L,"2, 3 BHK Flats for sale in Dwarka Mor",₹None K/sq.ft,,500.0 sq.ft,"Nov, 2019"
,AGS Homes - 64.2,₹18.0 L,1 BHK Independent Floor for sale in Dwarka Mor,₹3.33 K/sq.ft,,540.0 sq.ft,"Jun, 2015"
,The Comfy Homes,₹23.0 L - 45.0 L,"2, 3 BHK Flats for sale in Sewak Park",₹None K/sq.ft,,560.0 sq.ft,"May, 2023"
,S Gambhir The Affordabless,₹15.0 L - 21.0 L,1 BHK Flat for sale in Dwarka Mor,₹None K/sq.ft,,350.0 sq.ft,"May, 2022"
,Chanchal Affordables And Luxury Homes3.8RERA,₹15.0 L - 60.0 L,"1, 2, 3 BHK Flats for sale in Dwarka Mor",₹None K/sq.ft,,450.0 sq.ft,"Nov, 2021"
,Munish Manchanda Atero Affordables,₹18.45 L - 20.25 L,2 BHK Flat for sale in Dwarka Mor,₹4.5 K/sq.ft,,410.0 sq.ft,"Oct, 2019"
,Sai Om Sai Affordable Floors1,₹18 L - 35 L,"2, 3 BHK Builder Floors for sale in Dwarka Mor",₹None K/sq.ft,,450.0 sq.ft,"Dec, 2023"
,Property The Citiview,₹24 L - 52 L,"2, 3 BHK Flats for sale in Dwarka Mor",₹None K/sq.ft,,600.0 sq.ft,"Dec, 2023"
,Sidharth Homes,₹65 L - 85 L,3 BHK Flat for sale in Dwarka Mor,₹None K/sq.ft,,900.0 sq.ft,"Sep, 2023"
,Sidharth Dwarka Mor Luxury Homes,₹65 L - 85 L,3 BHK Flat for sale in Dwarka Mor,₹None K/sq.ft,,900.0 sq.ft,"Sep, 2023"
,Sidharth Rathi Luxury Homes,₹65 L - 85 L,3 BHK Builder Floor for sale in Dwarka Mor,₹None K/sq.ft,,900.0 sq.ft,"Sep, 2023"
,Sidharth Luxury Homes,₹65 L - 85 L,3 BHK Builder Floor for sale in Dwarka Mor,₹None K/sq.ft,,1080.0 sq.ft,"Sep, 2023"
,Sidharth Aman Luxury Homes,₹65 L - 85 L,3 BHK Builder Floor for sale in Dwarka Mor,₹None K/sq.ft,,900.0 sq.ft,"Sep, 2023"
,Gola Floors II	3,₹9 L - 19.0 L,2 BHK Independent Floor for sale in Dwarka Mor,₹None K/sq.ft,,360.0 sq.ft,"Jan, 2015"
,Sehgal's Home II,₹9.99 L,1 BHK Independent Floor for sale in Dwarka Mor,₹3.7 K/sq.ft,,270.0 sq.ft,"Mar, 2015"
,Property The Bhawan,₹24 L - 52 L,"2, 3 BHK Flats for sale in Dwarka Mor",₹None K/sq.ft,,600.0 sq.ft,"Jul, 2023"
,Western House Projects,₹32.76 L - 55.44 L,"2, 3 BHK Independent Floors for sale in Dwarka Mor",₹5.6 K/sq.ft,,585.0 sq.ft,"Oct, 2016"
,VB Homes,₹10.0 L - 36.5 L,"1 RK, 2 BHK Independent Floors for sale in Dwarka Mor",₹None K/sq.ft,,225.0 sq.ft,"Dec, 2015"
,Jai Durga Floors,₹16.8 L - 41.99 L,"1, 2, 3 BHK Independent Floors for sale in Sewak Park",₹4.67 K/sq.ft,,360.0 sq.ft,"Dec, 2014"
,Pratham Floors5,₹19 L,1 BHK Builder Floor for sale in Dwarka Mor,₹3.59 K/sq.ft,,450.0 sq.ft,"Jun, 2023"
,Pratham Residency3RERA,₹29 L,2 BHK Flat for sale in Dwarka Mor,₹3.91 K/sq.ft,,630.0 sq.ft,"Jun, 2023"
,Pratham Designer Floors5,₹27 L,2 BHK Flat for sale in Dwarka Mor,₹3.64 K/sq.ft,,630.0 sq.ft,"Jun, 2023"
,Pratham Luxury Floors,₹65 L,3 BHK Flat for sale in Dwarka Mor,₹6.14 K/sq.ft,,900.0 sq.ft,"Jun, 2023"
,Gambhir Homes IV,₹35.84 L,2 BHK Independent Floor for sale in Dwarka Mor,₹5.12 K/sq.ft,,700.0 sq.ft,"Feb, 2015"
,Sidhi Vinayak Homes 5,₹20.0 L,2 BHK Independent Floor for sale in Dwarka Mor,₹4.44 K/sq.ft,,450.0 sq.ft,"May, 2015"
,Jma Homes,₹35.0 L - 65.0 L,"3 BHK Independent Floor, Flat for sale in Dwarka Mor",₹None K/sq.ft,,894.0 sq.ft,"Apr, 2014"
,Kapeesh KBD Homes,₹25.0 L - 50.0 L,"1, 3 BHK Independent Floors for sale in Dwarka Mor",₹5.55 K/sq.ft,,450.0 sq.ft,"Aug, 2014"
,SSP Floors,₹23.87 L - 75.0 L,"2, 3 BHK Independent Floors for sale in Dwarka Mor",₹None K/sq.ft,,555.0 sq.ft,"Oct, 2016"
,Sameer Homes - I4.1,₹35.0 L,2 BHK Independent Floor for sale in Sewak Park,₹5.56 K/sq.ft,,630.0 sq.ft,"Nov, 2014"
,Sehgal Krishna Apartment,₹26 L - 36 L,"2, 3 BHK Flats for sale in Dwarka Mor",₹4.0 K/sq.ft,,650.0 sq.ft,"May, 2014"
,JSS Homes 4,₹25.0 L,2 BHK Independent Floor for sale in Dwarka Mor,₹3.68 K/sq.ft,,680.0 sq.ft,"Mar, 2015"
,Bhardwaj Homes - III,₹35.0 L - 65.0 L,2 BHK Independent Floor for sale in Dwarka Mor,₹None K/sq.ft,,450.0 sq.ft,"Sep, 2014"
,Tushar Floors 1,₹27.5 L,2 BHK Independent Floor for sale in Dwarka Mor,₹5.09 K/sq.ft,,540.0 sq.ft,"Nov, 2014"
,Barka Gulati Floors I,₹35.0 L - 61.11 L,"2, 3 BHK Independent Floors for sale in Dwarka Mor",₹6.64 K/sq.ft,,540.0 sq.ft,"Apr, 2015"
,Shiv Pooja Home,₹37.0 L,3 BHK Independent Floor for sale in Dwarka Mor,₹4.11 K/sq.ft,,900.0 sq.ft,"Mar, 2017"
,MS Floor III,₹27 L,2 BHK Independent Floor for sale in Dwarka Mor,₹6.0 K/sq.ft,,450.0 sq.ft,"Dec, 2014"
,Vinayak Homes 24.9,₹18 L,1 BHK Independent Floor for sale in Dwarka Mor,₹4.0 K/sq.ft,,450.0 sq.ft,"Feb, 2015"
,Sameer Homes - II4.1,₹46.67 L,3.5 BHK Independent Floor for sale in Dwarka Mor,₹5.19 K/sq.ft,,900.0 sq.ft,"May, 2014"
,Sidhi Vinayak Homes 6,₹18 L,1 BHK Independent Floor for sale in Dwarka Mor,₹4.0 K/sq.ft,,450.0 sq.ft,"May, 2015"
,Vinayak Homes 94.7,₹19.07 L,2 BHK Independent Floor for sale in Dwarka Mor,₹4.24 K/sq.ft,,450.0 sq.ft,"Apr, 2015"
,Jma Homes - IX,₹65.0 L,3 BHK Independent Floor for sale in Dwarka Mor,₹5.86 K/sq.ft,,1110.0 sq.ft,"Aug, 2014"
,Swastik Metro View Luxury Floors5,₹32 L - 80 L,"3, 4 BHK Flats for sale in Dwarka Mor",₹None K/sq.ft,,650.0 sq.ft,"May, 2023"
,The AamantranRERA,₹23.0 L - 45.0 L,"2, 3 BHK Flats for sale in Sewak Park",₹None K/sq.ft,,560.0 sq.ft,"May, 2023"
,The GrandProject,₹40.99 L - 75.0 L,3 BHK Flat for sale in Dwarka Mor,₹None K/sq.ft,,770.0 sq.ft,"May, 2023"
,The City View,₹35.0 L - 75.0 L,"2, 3 BHK Flats for sale in Dwarka Mor",₹None K/sq.ft,,675.0 sq.ft,"May, 2023"
,The Grand Society,₹35.0 L - 75.0 L,"2, 3 BHK Flats for sale in Dwarka Mor",₹None K/sq.ft,,675.0 sq.ft,"May, 2023"
,The WestideRERA,₹35.0 L - 75.0 L,"2, 3 BHK Flats for sale in Dwarka Mor",₹None K/sq.ft,,675.0 sq.ft,"May, 2023"
,The Grand Project1,₹35.0 L - 75.0 L,"2, 3 BHK Flats for sale in Dwarka Mor",₹None K/sq.ft,,675.0 sq.ft,"May, 2023"
,The Aashrayam,₹23.0 L - 45.0 L,"2, 3 BHK Flats for sale in Sewak Park",₹None K/sq.ft,,560.0 sq.ft,"May, 2023"
,The Trail Apartments,₹23.0 L - 45.0 L,"2, 3 BHK Flats for sale in Dwarka Mor",₹None K/sq.ft,,560.0 sq.ft,"May, 2023"
,Sidharth Affordable Homes1,₹28.5 L - 75 L,"2, 3 BHK Flats for sale in Dwarka Mor",₹None K/sq.ft,,600.0 sq.ft,"May, 2023"
,AGS Homes - 74.4,₹42.0 L,3 BHK Independent Floor for sale in Dwarka Mor,₹4.67 K/sq.ft,,900.0 sq.ft,"Aug, 2015"
,Guru Ji Infratech2,₹40 L - 85 L,3 BHK Flat for sale in Dwarka Mor,₹None K/sq.ft,,800.0 sq.ft,"Apr, 2023"
,Guru Ji Builders4.4,Price on Request,"1, 2 BHK Flat, Builder Floors for sale in Dwarka Mor",₹None K/sq.ft,,400.0 sq.ft,"Apr, 2023"
,Guru Ji Builders And Developers 25,Price on Request,"1, 2, 3 BHK Builder Floor, Flats for sale in Dwarka Mor",₹None K/sq.ft,,400.0 sq.ft,"Apr, 2023"
,Guru Ji Builders And Developers3.3RERA,₹22 L - 35 L,2 BHK Flat for sale in Dwarka Mor,₹None K/sq.ft,,550.0 sq.ft,"Apr, 2023"
,Guru Ji New HomesRERA,₹40 L - 70 L,"3, 4 BHK Flats for sale in Dwarka Mor",₹None K/sq.ft,,800.0 sq.ft,"Apr, 2023"
,Guru Ji Builders And Developers 14,₹22 L - 90 L,"1, 2, 3, 4 BHK Flats for sale in Dwarka Mor",₹None K/sq.ft,,450.0 sq.ft,"Apr, 2023"
,Shree Ram Metro View Floors,₹20 L - 1 Cr,"2, 3, 4 BHK Flats for sale in Dwarka Mor",₹None K/sq.ft,,450.0 sq.ft,"Mar, 2023"
,Property The HomesRERA,₹24 L - 52 L,"2, 3 BHK Flats for sale in Dwarka Mor",₹None K/sq.ft,,600.0 sq.ft,"Mar, 2023"
,Shree Sai Bala Ji Homes3,₹10 L - 45 L,"1, 2, 3, 4 BHK Flats for sale in Dwarka Mor",₹None K/sq.ft,,400.0 sq.ft,"Mar, 2023"
,Property The Gokulam,₹24 L - 52 L,"2, 3 BHK Flats for sale in Dwarka Mor",₹None K/sq.ft,,600.0 sq.ft,"Mar, 2023"
,Property The ResidenceRERA,₹24 L - 52 L,"2, 3 BHK Flats for sale in Dwarka Mor",₹None K/sq.ft,,600.0 sq.ft,"Mar, 2023"
,Property The AashrayamRERA,₹24 L - 52 L,"2, 3 BHK Flats for sale in Dwarka Mor",₹None K/sq.ft,,600.0 sq.ft,"Mar, 2023"
,Mohit Apartment,₹25 L - 43 L,"2, 3 BHK Flats for sale in Dwarka Mor",₹None K/sq.ft,,600.0 sq.ft,"Feb, 2023"
,Guru Ji Affordable And Luxury Homes4,₹20 L - 50 L,"1, 2, 3 BHK Flats for sale in Dwarka Mor",₹None K/sq.ft,,500.0 sq.ft,"Oct, 2019"
,GN HomesRERA,₹32.0 L - 53.33 L,"2, 3 BHK Flats for sale in Dwarka Mor",₹5.92 K/sq.ft,,540.0 sq.ft,"Jan, 2023"
,Planner N Maker Affordable Floors,₹21 L - 1 Cr,"2, 3, 4 BHK Flats for sale in Dwarka Mor",₹None K/sq.ft,,540.0 sq.ft,"Jan, 2023"
,AKY Luxury HomeRERA,₹62.5 L,3 BHK Flat for sale in Dwarka Mor,₹5.9 K/sq.ft,,900.0 sq.ft,"Jan, 2023"
,Shiv Mahima Smart Floors,₹24 L - 60 L,"2, 3 BHK Flats for sale in Dwarka Mor",₹None K/sq.ft,,540.0 sq.ft,"Jan, 2023"
,Delhi Homes Affordable Homes3.7,₹18 L - 45 L,"1, 2, 3 BHK Flats for sale in Dwarka Mor",₹4.5 K/sq.ft,,400.0 sq.ft,"Feb, 2020"
,Bharat Affordable Homes3.9,₹18.5 L - 65 L,"1, 2, 3 BHK Flats for sale in Dwarka Mor",₹None K/sq.ft,,450.0 sq.ft,"Feb, 2020"
,Aggarwal Shaurya Affordable FloorsRERA,₹15 L - 75 L,"1, 2, 3, 4 BHK Flats for sale in Dwarka Mor",₹None K/sq.ft,,360.0 sq.ft,"May, 2021"
,Guru Ji Welfare Homes5RERA,₹27 L - 1 Cr,"2, 3, 4 BHK Flats for sale in Dwarka Mor",₹None K/sq.ft,,500.0 sq.ft,"Dec, 2020"
,Green Valley NestRERA,₹23.5 L - 60.0 L,"2, 3 BHK Flats for sale in Dwarka Mor",₹None K/sq.ft,,460.0 sq.ft,"Dec, 2020"
,Green Valley Livings1RERA,₹23.5 L - 60.0 L,"2, 3 BHK Flats for sale in Dwarka Mor",₹None K/sq.ft,,460.0 sq.ft,"Nov, 2020"
,SSV Affordable Floors,₹21 L - 30 L,2 BHK Flat for sale in Dwarka Mor,₹None K/sq.ft,,450.0 sq.ft,"Nov, 2020"
,SSV Affordable Floors,₹16 L - 70 L,"1, 2, 3 BHK Flats for sale in Dwarka Mor",₹None K/sq.ft,,400.0 sq.ft,"Nov, 2020"
,BMS Affordable HomesRERA,₹22 L - 75 L,"1, 2, 3 BHK Flats for sale in Dwarka Mor",₹None K/sq.ft,,450.0 sq.ft,"Feb, 2021"
,Om Smart Residency3.7RERA,₹32 L - 55 L,3 BHK Flat for sale in Dwarka Mor,₹None K/sq.ft,,650.0 sq.ft,"Dec, 2020"
,Maa Laxmi Luxury Floors4.3RERA,₹32 L - 55 L,3 BHK Flat for sale in Dwarka Mor,₹None K/sq.ft,,650.0 sq.ft,"Feb, 2021"
,Maa Laxmi Smart FloorsRERA,₹25 L - 45 L,"2, 3 BHK Flats for sale in Dwarka Mor",₹None K/sq.ft,,540.0 sq.ft,"Dec, 2020"
,BR HomesRERA,₹22 L - 70 L,"2, 3 BHK Flats for sale in Dwarka Mor",₹None K/sq.ft,,500.0 sq.ft,"Feb, 2021"
,Mahadev Luxury HomesRERA,₹30 L - 50 L,"2, 3 BHK Flats for sale in Dwarka Mor",₹None K/sq.ft,,600.0 sq.ft,"Mar, 2021"
,Sh JMD The Vinayak 2RERA,₹23.0 L - 39.89 L,"2, 3 BHK Flats for sale in Dwarka Mor",₹None K/sq.ft,,540.0 sq.ft,"Apr, 2021"
,Sh JMD FloorRERA,₹26 L - 65 L,"2, 3, 4 BHK Flats for sale in Dwarka Mor",₹None K/sq.ft,,585.0 sq.ft,"Apr, 2021"
,Sh JMD The SanskritiRERA,₹17 L - 45 L,"1, 2, 3 BHK Flats for sale in Dwarka Mor",₹None K/sq.ft,,450.0 sq.ft,"May, 2021"
,Sh JMD The Ananta 2RERA,₹30 L - 44 L,"2, 3 BHK Flats for sale in Dwarka Mor",₹None K/sq.ft,,630.0 sq.ft,"Apr, 2021"
,Mittal God Gift AppartmentRERA,₹48 L - 55 L,3 BHK Flat for sale in Dwarka Mor,₹None K/sq.ft,,810.0 sq.ft,"May, 2021"
,Virat Affordable Homes,₹17 L - 44 L,"1, 2, 3 BHK Flats for sale in Dwarka Mor",₹None K/sq.ft,,450.0 sq.ft,"Sep, 2021"
,Swastik The Precious HomesRERA,₹17.0 L - 30 L,"1, 2 BHK Flats for sale in Dwarka Mor",₹4.93 K/sq.ft,,350.0 sq.ft,"Dec, 2021"
,Swastik The OAK ResidencyRERA,₹30.0 L - 45 L,3 BHK Flat for sale in Dwarka Mor,₹None K/sq.ft,,760.0 sq.ft,"Dec, 2021"
,The Versatile,₹22.0 L - 60.0 L,"2, 3 BHK Flats for sale in Dwarka Mor",₹None K/sq.ft,,600.0 sq.ft,"Dec, 2021"
,S Gambhir The Estonia5RERA,₹35.0 L - 75.0 L,"2, 3 BHK Flats for sale in Dwarka Mor",₹None K/sq.ft,,675.0 sq.ft,"Dec, 2021"
,The Gambhir s ResidencyRERA,₹34.0 L - 75.0 L,"2, 3 BHK Flats for sale in Dwarka Mor",₹None K/sq.ft,,650.0 sq.ft,"Dec, 2021"
,S Gambhir The PalladiumRERA,₹35.0 L - 75.0 L,"2, 3 BHK Flats for sale in Dwarka Mor",₹None K/sq.ft,,675.0 sq.ft,"Dec, 2021"
,Khatushhyam Regency Inn3RERA,₹23.0 L - 60.0 L,"2, 3 BHK Flats for sale in Dwarka Mor",₹None K/sq.ft,,550.0 sq.ft,"Jan, 2022"
,Guru Ji Affordable Homes 1,₹15 L - 33 L,"1, 2, 3 BHK Flats for sale in Dwarka Mor",₹None K/sq.ft,,350.0 sq.ft,"Feb, 2022"
,Jai Maa Homes1,₹15 L - 65 L,"1, 2, 3, 4 BHK Flats for sale in Dwarka Mor",₹None K/sq.ft,,420.0 sq.ft,"Jan, 2022"
,Devam Mitya HomesRERA,₹24 L - 48 L,"2, 3 BHK Flats for sale in Dwarka Mor",₹None K/sq.ft,,530.0 sq.ft,"May, 2022"
,Mitya Metro View Apartment3.5RERA,₹29 L - 70 L,"2, 3 BHK Flats for sale in Dwarka Mor",₹None K/sq.ft,,562.0 sq.ft,"May, 2022"
,Mitya HomesRERA,₹24 L - 70 L,"2, 3 BHK Flats for sale in Dwarka Mor",₹None K/sq.ft,,530.0 sq.ft,"May, 2022"
,Manhar Mitya Homes2RERA,₹24 L - 50 L,"2, 3 BHK Flats for sale in Dwarka Mor",₹None K/sq.ft,,530.0 sq.ft,"May, 2022"
,Goyal Sandeep Affordable Floors4.5,₹45 L - 90 L,"3, 4 BHK Flats for sale in Dwarka Mor",₹None K/sq.ft,,720.0 sq.ft,"Feb, 2022"
,Mitya Park Royal Apartment4RERA,₹21 L - 55 L,"2, 3, 4 BHK Flats for sale in Dwarka Mor",₹None K/sq.ft,,530.0 sq.ft,"May, 2022"
,Jai Affordable And Luxury HomeRERA,₹15 L - 38 L,"1, 2, 3 BHK Flats for sale in Dwarka Mor",₹None K/sq.ft,,450.0 sq.ft,"Jun, 2022"
,Naveen Luxurious Floors3.5,₹16 L - 55 L,"1, 2, 3 BHK Flats for sale in Dwarka Mor",₹None K/sq.ft,,450.0 sq.ft,"Aug, 2022"
,ACRES HOME5RERA,₹16 L - 35 L,"1, 2, 3 BHK Flats for sale in Dwarka Mor",₹None K/sq.ft,,450.0 sq.ft,"May, 2022"
,Mittal God Gift Appartment 4,₹20 L - 60 L,"1, 2, 3 BHK Flats for sale in Sector 15 Dwarka",₹None K/sq.ft,,450.0 sq.ft,"Jun, 2022"
,Dagar Luxury FloorsRERA,₹24 L - 50 L,"2, 3 BHK Flats for sale in Dwarka Mor",₹4.9 K/sq.ft,,500.0 sq.ft,"Mar, 2022"
,Krishna Homes5RERA,₹18 L - 65 L,"1, 2, 3, 4 BHK Flats for sale in Dwarka Mor",₹None K/sq.ft,,400.0 sq.ft,"May, 2022"
,Jai Uttarakhand Luxury HomesRERA,₹15 L - 65 L,"1, 2, 3 BHK Flats for sale in Dwarka Mor",₹None K/sq.ft,,450.0 sq.ft,"Jan, 2020"
,Krishna Affordable And Luxury Homes,₹22 L - 60 L,"2, 3, 4 BHK Flats for sale in Dwarka Mor",₹None K/sq.ft,,540.0 sq.ft,"Feb, 2020"
,Dream Luxury Homez4RERA,₹22 L - 1 Cr,"1, 2, 3, 4 BHK Flats for sale in Dwarka Mor",₹None K/sq.ft,,480.0 sq.ft,"Jul, 2020"
,Guru Mahadev Homes 1,₹23.5 L - 59.99 L,"2, 3 BHK Flats for sale in Dwarka Mor",₹None K/sq.ft,,450.0 sq.ft,"Jul, 2020"
,Guru Mahadev Homes 2,₹23.5 L - 60.0 L,"2, 3 BHK Flats for sale in Dwarka Mor",₹None K/sq.ft,,450.0 sq.ft,"Jun, 2020"
,The DwarkaViewRERA,₹24.0 L - 39.99 L,"2, 3 BHK Flats for sale in Dwarka Mor",₹4.62 K/sq.ft,,530.0 sq.ft,"Nov, 2022"
,The Shubharambh By S Gambhir Buildtech Pvt Ltd Dwarka Mor3RERA,₹24.0 L - 40.0 L,"2, 3 BHK Flats for sale in Dwarka Mor",₹4.62 K/sq.ft,,530.0 sq.ft,"Dec, 2022"
,The Gokuldham By S Gambhir Buildtech Dwarka MorRERA,₹24.0 L - 80.0 L,"2, 3, 4 BHK Flats for sale in Dwarka Mor",₹None K/sq.ft,,530.0 sq.ft,"Dec, 2022"
,Mitya The HomeRERA,₹35 L - 65 L,3 BHK Flat for sale in Dwarka Mor,₹None K/sq.ft,,800.0 sq.ft,"Dec, 2022"
,Jai Residency5RERA,₹14 L - 50 L,"1, 2, 3 BHK Flats for sale in Dwarka Mor",₹None K/sq.ft,,360.0 sq.ft,"Dec, 2022"
,RSC Homes,₹13 L - 33 L,"1, 2, 3 BHK Flats for sale in Dwarka Mor",₹None K/sq.ft,,360.0 sq.ft,"Dec, 2022"
,RSC Affordables And Luxury Homes,₹13 L - 33 L,"1, 2, 3 BHK Flats for sale in Dwarka Mor",₹None K/sq.ft,,360.0 sq.ft,"Dec, 2022"
,Ammira Luxury And Affordable Homes,₹26 L - 70 L,"2, 3 BHK Flats for sale in Dwarka Mor",₹None K/sq.ft,,550.0 sq.ft,"Aug, 2020"
,Swastik Affordables And Luxury Homes 1,Price on Request,2 BHK Flat for sale in Dwarka Mor,₹None K/sq.ft,,550.0 sq.ft,"May, 2020"
,Swastik Affordables And Luxury Homes 2,Price on Request,"1, 2 BHK Flats for sale in Dwarka Mor",₹None K/sq.ft,,400.0 sq.ft,"Jan, 2021"
,Nirmal Affordables And Luxury HomesRERA,₹23.5 L - 59.99 L,"2, 3 BHK Flats for sale in Dwarka Mor",₹None K/sq.ft,,450.0 sq.ft,"Aug, 2020"
,Aggarwal Luxury FloorsRERA,₹15 L - 75 L,"1, 2, 3, 4 BHK Flats for sale in Dwarka Mor",₹None K/sq.ft,,360.0 sq.ft,"Apr, 2020"
,Tirupati Smart Homes,₹19 L - 65 L,"1, 2, 3 BHK Flats for sale in Dwarka Mor",₹None K/sq.ft,,450.0 sq.ft,"Jul, 2020"
,Max Living Smart Homes3.9,₹18 L - 65 L,"1, 2, 3 BHK Flats for sale in Dwarka Mor",₹None K/sq.ft,,450.0 sq.ft,"Mar, 2020"
,Innovative Homes3.7RERA,₹14.5 L - 67.5 L,"1, 2, 3 BHK Flats for sale in Dwarka Mor",₹None K/sq.ft,,400.0 sq.ft,"Dec, 2020"
,Guru Ji Delhi Residency4.8,₹25 L - 1 Cr,"2, 3, 4 BHK Flats for sale in Dwarka Mor",₹None K/sq.ft,,500.0 sq.ft,"Sep, 2022"
,Shri Krishna Affordable HomesRERA,₹28 L - 65 L,"2, 3, 4 BHK Flats for sale in Dwarka Mor",₹None K/sq.ft,,600.0 sq.ft,"Feb, 2020"
,Divine HomesRERA,₹14.5 L - 32 L,"1, 2, 3 BHK Flats for sale in Dwarka Mor",₹None K/sq.ft,,400.0 sq.ft,"Sep, 2022"
,Guru Ji Welfare3.9,₹18 L - 50 L,"1, 2, 3 BHK Flats for sale in Dwarka Mor",₹None K/sq.ft,,400.0 sq.ft,"Feb, 2020"
,Mitya The AddressRERA,₹35 L - 65 L,3 BHK Flat for sale in Dwarka Mor,₹None K/sq.ft,,800.0 sq.ft,"Nov, 2022"
,The Imperial Heights By S Gambhir Buildtech Pvt Ltd Dwarka MorRERA,₹35 L - 65 L,3 BHK Flat for sale in Dwarka Mor,₹None K/sq.ft,,800.0 sq.ft,"Dec, 2022"
,The Heaven,₹18 L - 30.0 L,2 BHK Flat for sale in Dwarka Mor,₹None K/sq.ft,,450.0 sq.ft,"Sep, 2022"
,Murli The GalleriaRERA,₹21 L - 59.99 L,"2, 3 BHK Flats for sale in Dwarka Mor",₹None K/sq.ft,,500.0 sq.ft,"Sep, 2022"
,Divine Luxury Homes,₹25 L - 42 L,"2, 3 BHK Flats for sale in Dwarka Mor",₹None K/sq.ft,,600.0 sq.ft,"Oct, 2022"
,Grover Estate Independent House4RERA,₹22.5 L - 70 L,"1, 2, 3, 4 BHK Flats for sale in Dwarka Mor",₹None K/sq.ft,,360.0 sq.ft,"May, 2022"
,Dream The DenRERA,₹23.0 L - 39.99 L,"2, 3 BHK Flats for sale in Dwarka Mor",₹None K/sq.ft,,530.0 sq.ft,"Nov, 2022"
,Dream Homes4.7RERA,₹23.0 L - 39.99 L,"2, 3 BHK Flats for sale in Dwarka Mor",₹None K/sq.ft,,530.0 sq.ft,"Nov, 2022"
,Royal Smart Homes,₹27 L - 1.25 Cr,"2, 3, 4 BHK Flats for sale in Dwarka Mor",₹None K/sq.ft,,540.0 sq.ft,"Dec, 2022"
,Royal Affordable Homes,₹27 L - 1.25 Cr,"2, 3, 4 BHK Flats for sale in Dwarka Mor",₹None K/sq.ft,,540.0 sq.ft,"Dec, 2022"
,Royal Metro View FloorsRERA,₹20 L - 1 Cr,"2, 3, 4 BHK Flats for sale in Dwarka Mor",₹None K/sq.ft,,450.0 sq.ft,"Dec, 2022"
,Mitya Apna GharRERA,₹35 L - 65 L,3 BHK Flat for sale in Dwarka Mor,₹None K/sq.ft,,800.0 sq.ft,"Dec, 2022"
,Affordable Happy Homes,₹15 L - 65 L,"1, 2, 3 BHK Flats for sale in Dwarka Mor",₹None K/sq.ft,,300.0 sq.ft,"Apr, 2022"
,Max Properties Delhi Living Luxury Homes3.7,₹15 L - 65 L,"1, 2, 3 BHK Flats for sale in Dwarka Mor",₹None K/sq.ft,,360.0 sq.ft,"Mar, 2020"
,Guru Ji Residency 25RERA,₹25 L - 60 L,"2, 3 BHK Flats for sale in Dwarka Mor",₹None K/sq.ft,,550.0 sq.ft,"Sep, 2022"
,Adarsh Galleria,₹25.0 L - 59.99 L,"2, 3 BHK Flats for sale in Dwarka Mor",₹None K/sq.ft,,450.0 sq.ft,"Aug, 2020"
,Dream Affordable Homez,₹22 L - 1 Cr,"1, 2, 3, 4 BHK Flats for sale in Dwarka Mor",₹None K/sq.ft,,480.0 sq.ft,"Jul, 2020"
,Guru Mahadev Homes,₹23.0 L - 60.0 L,"2, 3 BHK Flats for sale in Dwarka Mor",₹None K/sq.ft,,450.0 sq.ft,"Jul, 2020"
,Green Valley Homes3.7RERA,₹23.5 L - 60.0 L,"2, 3 BHK Flats for sale in Dwarka Mor",₹None K/sq.ft,,460.0 sq.ft,"Aug, 2020"
,Guru Ji Homes 1RERA,₹22 L - 60 L,"2, 3, 4 BHK Flats for sale in Dwarka Mor",₹None K/sq.ft,,500.0 sq.ft,"Mar, 2020"
,Guru Ji Affordable Homes,₹20 L - 70 L,"1, 2, 3, 4 BHK Flats for sale in Dwarka Mor",₹None K/sq.ft,,500.0 sq.ft,"Mar, 2020"
,Guru Ji Shri Radhe Krishna HomesRERA,₹20 L - 75 L,"1, 2, 3, 4 BHK Flats for sale in Dwarka Mor",₹None K/sq.ft,,500.0 sq.ft,"Mar, 2020"
,Guru Ji Dev Bhoomi Luxury And Affordable Homes3.8RERA,₹20 L - 92 L,"1, 2, 3, 4 BHK Flats for sale in Dwarka Mor",₹None K/sq.ft,,450.0 sq.ft,"Sep, 2022"
,Guru Ji Gopal Dham HomesRERA,₹18 L - 1 Cr,"1, 2, 3, 4 BHK Flats for sale in Dwarka Mor",₹None K/sq.ft,,400.0 sq.ft,"Sep, 2022"
,Guru Ji Shyam KunjRERA,₹15 L - 42 L,"1, 2, 3 BHK Builder Floors for sale in Dwarka Mor",₹None K/sq.ft,,350.0 sq.ft,"Sep, 2022"
,Krishna Luxury HomesRERA,₹24 L - 65 L,"2, 3 BHK Flats for sale in Dwarka Mor",₹None K/sq.ft,,550.0 sq.ft,"Sep, 2021"
,JSK HomesRERA,₹25 L - 43 L,"2, 3 BHK Flats for sale in Dwarka Mor",₹3.88 K/sq.ft,,650.0 sq.ft,"Oct, 2021"
,JSK Homes BRERA,₹21 L - 78 L,"1, 2, 3, 4 BHK Flats for sale in Dwarka Mor",₹None K/sq.ft,,450.0 sq.ft,"Oct, 2021"
,Khatu Shhyam Luxury Homes,₹23.0 L - 60.0 L,"2, 3 BHK Flats for sale in Dwarka Mor",₹None K/sq.ft,,550.0 sq.ft,"Sep, 2021"
,Guru Ji Niwas5RERA,₹30 L - 45 L,3 BHK Flat for sale in Dwarka Mor,₹None K/sq.ft,,600.0 sq.ft,"Feb, 2022"
,Kaanha Homes 23RERA,₹15 L - 85 L,"1, 2, 3, 4 BHK Flats for sale in Dwarka Mor",₹None K/sq.ft,,360.0 sq.ft,"Dec, 2021"
,Guru Ji Ashiyana5RERA,₹20 L - 40 L,"2, 3, 4 BHK Flats for sale in Dwarka Mor",₹None K/sq.ft,,450.0 sq.ft,"Apr, 2022"
,Kalsi HomesRERA,₹21 L - 55 L,"2, 3, 4 BHK Flats for sale in Dwarka Mor",₹None K/sq.ft,,550.0 sq.ft,"May, 2022"
,Jai Home AffordableRERA,₹22 L - 55 L,"2, 3, 4 BHK Flats for sale in Dwarka Mor",₹None K/sq.ft,,600.0 sq.ft,"Jun, 2022"
,Jai HomeRERA,₹15 L - 55 L,"1, 2, 3 BHK Flats for sale in Dwarka Mor",₹None K/sq.ft,,450.0 sq.ft,"Jun, 2022"
,Happy Luxury Home5RERA,₹20 L - 55 L,"2, 3 BHK Flats for sale in Dwarka Mor",₹None K/sq.ft,,450.0 sq.ft,"Jun, 2022"
,Mittal God Gift AppartmentsRERA,₹20 L - 60 L,"1, 2, 3 BHK Flats for sale in Suraj Vihar",₹None K/sq.ft,,405.0 sq.ft,"Jun, 2022"
,Dagar Smart HomesRERA,₹24 L - 45 L,"2, 3 BHK Flats for sale in Dwarka Mor",₹4.77 K/sq.ft,,500.0 sq.ft,"Mar, 2022"
,Dagar Affordable HomesRERA,₹16 L - 45 L,"1, 2, 3 BHK Builder Floors for sale in Dwarka Mor",₹None K/sq.ft,,400.0 sq.ft,"Mar, 2022"
,Royal Luxury Homes4.5RERA,₹18 L - 45 L,"2, 3 BHK Flats for sale in Dwarka Mor",₹None K/sq.ft,,500.0 sq.ft,"Mar, 2022"
,Dagar Floors 1RERA,₹24 L - 45 L,"2, 3 BHK Flats for sale in Dwarka Mor",₹4.77 K/sq.ft,,500.0 sq.ft,"Mar, 2022"
,Guru Ji Ashiyana Homes 1RERA,₹15 L - 45 L,"1, 2, 3 BHK Flats for sale in Dwarka Mor",₹None K/sq.ft,,350.0 sq.ft,"Sep, 2022"
,GrehpraveshRERA,₹35 L - 65 L,3 BHK Flat for sale in Dwarka Mor,₹None K/sq.ft,,800.0 sq.ft,"Dec, 2022"
,The Ridge by S Gambhir Buildtech Dwarka MorRERA,₹24.0 L - 39.99 L,"2, 3 BHK Flats for sale in Dwarka Mor",₹4.62 K/sq.ft,,530.0 sq.ft,"Dec, 2022"
,Shree Ram Luxury ResidencyRERA,₹20 L - 1 Cr,"2, 3, 4 BHK Flats for sale in Dwarka Mor",₹None K/sq.ft,,450.0 sq.ft,"Dec, 2022"
,Murli The NestRERA,₹24.0 L - 85.0 L,"2, 3, 4 BHK Flats for sale in Dwarka Mor",₹None K/sq.ft,,550.0 sq.ft,"Nov, 2022"
,Arun Dream HomesRERA,₹23.0 L - 40.0 L,"2, 3 BHK Flats for sale in Dwarka Mor",₹None K/sq.ft,,530.0 sq.ft,"Nov, 2022"
,Dream ArunRERA,₹23.0 L - 39.99 L,"2, 3 BHK Flats for sale in Dwarka Mor",₹None K/sq.ft,,530.0 sq.ft,"Nov, 2022"
,Mitya The ResidenceRERA,₹35 L - 65 L,3 BHK Flat for sale in Dwarka Mor,₹None K/sq.ft,,800.0 sq.ft,"Dec, 2022"
,Mitya The Dream HomeRERA,₹35 L - 65 L,3 BHK Flat for sale in Dwarka Mor,₹None K/sq.ft,,800.0 sq.ft,"Dec, 2022"
,Bharat Affordable Homes 4RERA,₹21 L - 75 L,"2, 3, 4 BHK Flats for sale in Dwarka Mor",₹None K/sq.ft,,450.0 sq.ft,"Oct, 2020"
,Krishna Homes4.3RERA,₹25 L - 75 L,"2, 3, 4 BHK Flats for sale in Dwarka Mor",₹None K/sq.ft,,600.0 sq.ft,"Dec, 2020"
,Guru Ji Affordable And Luxury Homes 3.9RERA,₹25 L - 1 Cr,"2, 3, 4 BHK Flats for sale in Dwarka Mor",₹None K/sq.ft,,600.0 sq.ft,"Jan, 2020"
,Saini Luxury Floors4RERA,₹20 L - 32 L,2 BHK Flat for sale in Dwarka Mor,₹None K/sq.ft,,500.0 sq.ft,"Dec, 2020"
,Sh JMD The Grand Floors 2RERA,₹24 L - 35 L,"2, 3 BHK Flats for sale in Dwarka Mor",₹None K/sq.ft,,540.0 sq.ft,"Apr, 2021"
,SGB Metro View FloorsRERA,₹20 L - 45 L,"2, 3, 4 BHK Flats for sale in Dwarka Mor",₹4.49 K/sq.ft,,450.0 sq.ft,"Sep, 2021"
,The Paradise Luxury HomesRERA,₹14 L - 60 L,"1, 2, 3 BHK Flats for sale in Dwarka Mor",₹None K/sq.ft,,400.0 sq.ft,"Aug, 2021"
,Delhi Homes Homes 1,₹15 L - 55 L,"1, 2, 3, 4 BHK Flats for sale in Dwarka Mor",₹None K/sq.ft,,450.0 sq.ft,"Nov, 2021"
,Chanchal Affordable HousingRERA,₹21 L - 60.0 L,"2, 3 BHK Flats for sale in Dwarka Mor",₹None K/sq.ft,,600.0 sq.ft,"Nov, 2021"
,Green LivingsRERA,₹21.0 L - 60.0 L,"2, 3 BHK Flats for sale in Dwarka Mor",₹None K/sq.ft,,550.0 sq.ft,"Nov, 2021"
,Green The Eco Village,₹21.0 L - 60.0 L,"2, 3 BHK Flats for sale in Dwarka Mor",₹None K/sq.ft,,550.0 sq.ft,"Nov, 2021"
,Ishu Luxury HomesRERA,₹22.0 L - 60.01 L,"2, 3 BHK Flats for sale in Dwarka Mor",₹None K/sq.ft,,530.0 sq.ft,"Nov, 2021"
,Green Affordable LivingsRERA,₹21.0 L - 60.01 L,"2, 3 BHK Flats for sale in Dwarka Mor",₹None K/sq.ft,,550.0 sq.ft,"Nov, 2021"
,AK Residency3.3RERA,₹23.0 L - 60.0 L,"2, 3 BHK Flats for sale in Dwarka Mor",₹None K/sq.ft,,550.0 sq.ft,"Nov, 2021"
,Majestic Luxury HomesRERA,₹22.0 L - 60.0 L,"2, 3 BHK Flats for sale in Dwarka Mor",₹None K/sq.ft,,540.0 sq.ft,"Sep, 2021"
,Oxirich HomesRERA,₹16 L - 48 L,"1, 2, 3, 4 BHK Flats for sale in Dwarka Mor",₹None K/sq.ft,,550.0 sq.ft,"May, 2021"
,Swastik The Crest1,₹30.0 L - 45 L,3 BHK Flat for sale in Dwarka Mor,₹None K/sq.ft,,760.0 sq.ft,"Dec, 2021"
,The SpaceRERA,₹22.0 L - 60.0 L,"2, 3 BHK Flats for sale in Dwarka Mor",₹None K/sq.ft,,600.0 sq.ft,"Dec, 2021"
,Swastik The Arcade1,₹17.0 L - 29.0 L,"1, 2 BHK Flats for sale in Dwarka Mor",₹4.84 K/sq.ft,,350.0 sq.ft,"Dec, 2021"
,The Gambhir AffordablesRERA,₹36.0 L - 75.0 L,"2, 3 BHK Flats for sale in Dwarka Mor",₹None K/sq.ft,,680.0 sq.ft,"Dec, 2021"
,S Gambhir The GrandmanoreRERA,₹34.99 L - 75.0 L,"2, 3 BHK Flats for sale in Dwarka Mor",₹None K/sq.ft,,670.0 sq.ft,"Dec, 2021"
,S Gambhir Metrowalk 2,₹36.0 L - 75.0 L,"2, 3 BHK Flats for sale in Dwarka Mor",₹None K/sq.ft,,680.0 sq.ft,"Dec, 2021"
,S Gambhir The Green ProjectRERA,₹35.01 L - 75.01 L,"2, 3 BHK Flats for sale in Dwarka Mor",₹None K/sq.ft,,675.0 sq.ft,"Dec, 2021"
,S Gambhir The Grand LifeRERA,₹35.01 L - 75.01 L,"2, 3 BHK Flats for sale in Dwarka Mor",₹None K/sq.ft,,675.0 sq.ft,"Dec, 2021"
,S Gambhir The Luxury HousingsRERA,₹35.01 L - 75.01 L,"2, 3 BHK Flats for sale in Dwarka Mor",₹None K/sq.ft,,675.0 sq.ft,"Dec, 2021"
,The Roman Address,₹24 L - 60.0 L,"2, 3 BHK Flats for sale in Dwarka Mor",₹None K/sq.ft,,600.0 sq.ft,"Dec, 2021"
,Chanchal Affordables 2,₹24 L - 60.0 L,"2, 3 BHK Flats for sale in Dwarka Mor",₹None K/sq.ft,,600.0 sq.ft,"Dec, 2021"
,Chanchal The AddressRERA,₹24 L - 60.01 L,"2, 3 BHK Flats for sale in Dwarka Mor",₹None K/sq.ft,,600.0 sq.ft,"Dec, 2021"
,Khatushhyam The HomeRERA,₹23.0 L - 60.01 L,"2, 3 BHK Flats for sale in Dwarka Mor",₹None K/sq.ft,,550.0 sq.ft,"Jan, 2022"
,Khatushhyam The Luxury Adress,₹22 L - 60.0 L,"2, 3 BHK Flats for sale in Dwarka Mor",₹None K/sq.ft,,550.0 sq.ft,"Jan, 2022"
,Goyal Metro View Luxury Floors,₹20 L - 50 L,"2, 3 BHK Flats for sale in Dwarka Mor",₹None K/sq.ft,,500.0 sq.ft,"Dec, 2021"
,Guru Ji Shree Ram Homes5RERA,₹20 L - 1 Cr,"1, 2, 3, 4 BHK Flats for sale in Dwarka Mor",₹None K/sq.ft,,450.0 sq.ft,"Sep, 2022"
,Vijay Luxurious HomesRERA,₹17 L - 75 L,"1, 2, 3, 4 BHK Flats for sale in Dwarka Mor",₹None K/sq.ft,,450.0 sq.ft,"May, 2022"
,Creative Luxurious Floors,₹16 L - 90 L,"1, 2, 3, 4 BHK Flats for sale in Dwarka Mor",₹None K/sq.ft,,360.0 sq.ft,"Mar, 2022"
,Rudra Dev Budget Homes,₹15 L - 1.1 Cr,"1, 2, 3, 4 BHK Flats for sale in Uttam Nagar",₹None K/sq.ft,,360.0 sq.ft,"Dec, 2022"
,Shivam Rudradev Luxury Floors1,₹15 L - 1.1 Cr,"1, 2, 3, 4 BHK Flats for sale in Dwarka Mor",₹None K/sq.ft,,360.0 sq.ft,"Dec, 2022"
,The Grand Floors,₹25.5 L - 42.0 L,"2, 3 BHK Flats for sale in Dwarka Mor",₹None K/sq.ft,,495.0 sq.ft,"May, 2019"
,SGB Homes1.3,₹15 L - 65 L,"1, 2, 3, 4 BHK Flats for sale in Dwarka Mor",₹None K/sq.ft,,420.0 sq.ft,"Jun, 2018"
,Sh JMD Ananta Apartment,₹29.0 L - 31.0 L,"2, 3 BHK Flats for sale in Dwarka Mor",₹None K/sq.ft,,540.0 sq.ft,"Dec, 2019"
,Delhi In Apartment 2,₹30.0 L - 42.0 L,"2, 3 BHK Flats for sale in Dwarka Mor",₹5.52 K/sq.ft,,540.0 sq.ft,"May, 2019"
,Goyal Rajat Goyal Affordable Homes3.7,₹19 L - 63 L,"1, 2, 3, 4 BHK Flats for sale in Dwarka Mor",₹None K/sq.ft,,405.0 sq.ft,"Jan, 2019"
,Sh JMD The Ananta Apartments,₹16.2 L - 48.6 L,"1, 2, 3 BHK Flats for sale in Dwarka Mor",₹4.5 K/sq.ft,,360.0 sq.ft,"Nov, 2019"
,Om Sai Affordable Homes,₹17 L - 50 L,"1, 2, 3 BHK Flats for sale in Dwarka Mor",₹None K/sq.ft,,400.0 sq.ft,"Nov, 2019"
,S Gambhir Homes4,₹21.0 L - 75.0 L,"2, 3, 4 BHK Flats for sale in Dwarka Mor",₹None K/sq.ft,,450.0 sq.ft,"Aug, 2019"
,Krishna Affordable Homes3.4,₹27 L - 80 L,"2, 3, 4 BHK Flats for sale in Dwarka Mor",₹None K/sq.ft,,550.0 sq.ft,"Nov, 2019"
,Decent Floors,₹15 L - 32.0 L,"1, 2 BHK Flats for sale in Dwarka Mor",₹None K/sq.ft,,400.0 sq.ft,"Dec, 2016"
,Malhotra Floors 2,₹30.0 L - 45.0 L,"2, 3 BHK Flats for sale in Dwarka Mor",₹None K/sq.ft,,700.0 sq.ft,"Aug, 2017"
,NZ Associate Project 5,₹30 L,2 BHK Independent Floor for sale in Sewak Park,₹3.49 K/sq.ft,,860.0 sq.ft,"Apr, 2015"
,SBA Apartments,₹65.0 L,3 BHK Flat for sale in Dwarka Mor,₹7.22 K/sq.ft,,900.0 sq.ft,"May, 2017"
,A One Homes,₹16.0 L - 60 L,"1, 2, 3, 4 BHK Flats for sale in Dwarka Mor",₹None K/sq.ft,,415.0 sq.ft,"Jun, 2019"
,Guru Ji Homes1RERA,₹25.9 L - 92.0 L,"1, 2, 3, 4 BHK Flats for sale in Dwarka Mor",₹None K/sq.ft,,500.0 sq.ft,"Dec, 2019"
, Homes 3,Price on Request,2 BHK Flat for sale in Dwarka Mor,₹None K/sq.ft,,504.0 sq.ft,"Apr, 2017"
,Sh JMD The Vinayak,₹32 L - 72 L,"2, 3 BHK Flats for sale in Dwarka Mor",₹8.0 K/sq.ft,,400.0 sq.ft,"Nov, 2019"
,Mittal Affordable And Luxry homes,₹17 L - 48 L,"1, 2, 3 BHK Flats for sale in Dwarka Mor",₹None K/sq.ft,,405.0 sq.ft,"Dec, 2019"
,S Gambhir Homes IV,₹35.84 L,2 BHK Flat for sale in Dwarka Mor,₹5.12 K/sq.ft,,700.0 sq.ft,"Feb, 2015"
,S Gambhir Homes II,₹50.0 L,3 BHK Flat for sale in Dwarka Mor,₹5.56 K/sq.ft,,900.0 sq.ft,"Feb, 2015"
,Ms Floor Vii,₹32.0 L - 45.0 L,"2, 3 BHK Independent Floors for sale in Dwarka Mor",₹None K/sq.ft,,495.0 sq.ft,"Jun, 2015"
,Kalra Homes,₹7.0 L,1 BHK Independent Floor for sale in Dwarka Mor,₹2.59 K/sq.ft,,270.0 sq.ft,"May, 2015"
,SBA Homes - II,₹45 L,3 BHK Independent Floor for sale in Dwarka Mor,₹5.0 K/sq.ft,,900.0 sq.ft,"Oct, 2014"
,Sunrise Home - I5,₹45.0 L,1 BHK Bungalow for sale in Dwarka Mor,₹13.16 K/sq.ft,,342.0 sq.ft,"Jun, 2014"
,Sahil Homes - I,₹16.0 L,2 BHK Independent Floor for sale in Dwarka Mor,₹3.56 K/sq.ft,,450.0 sq.ft,"Jul, 2015"
,8 Majestic Homes - VIII,₹35.0 L,3 BHK Independent Floor for sale in Dwarka Mor,₹4.86 K/sq.ft,,720.0 sq.ft,"Apr, 2015"
,Balaji Yash Appartment - I,₹18 L,2 BHK Independent Floor for sale in Dwarka Mor,₹3.6 K/sq.ft,,500.0 sq.ft,"Nov, 2014"
,MS Floor II,₹17.0 L - 30.0 L,"1, 2 BHK Independent Floors for sale in Dwarka Mor",₹None K/sq.ft,,360.0 sq.ft,"Apr, 2015"
,Baba Sai Homes I,₹22.0 L,2 BHK Independent Floor for sale in Dwarka Mor,₹3.67 K/sq.ft,,600.0 sq.ft,"Apr, 2015"
,Friends Sai Apartment - 1,₹24.3 L,2 BHK Independent Floor for sale in Sewak Park,₹4.5 K/sq.ft,,540.0 sq.ft,"Sep, 2014"
,Kailash Homes - II4.3,₹20.0 L,2 BHK Independent Floor for sale in Dwarka Mor,₹4.44 K/sq.ft,,450.0 sq.ft,"Jan, 2015"
,Durga Floors - IV,₹16.0 L,1 BHK Independent Floor for sale in Sewak Park,₹4.44 K/sq.ft,,360.0 sq.ft,"Feb, 2015"
,SSP Floors III,₹75.0 L,3 BHK Independent Floor for sale in Dwarka Mor,₹11.11 K/sq.ft,,675.0 sq.ft,"Oct, 2016"
,Sarna Homes,₹55.0 L,3 BHK Independent Floor for sale in Dwarka Mor,₹6.11 K/sq.ft,,900.0 sq.ft,"Nov, 2014"
,Jma Homes- III,₹38.0 L,3 BHK Independent Floor for sale in Dwarka Mor,₹4.22 K/sq.ft,,900.0 sq.ft,"Sep, 2014"
,Aggarwal Homes - VII,₹39.99 L,2 BHK Independent Floor for sale in Dwarka Mor,₹5.93 K/sq.ft,,675.0 sq.ft,"Jul, 2014"
,8 Majestic Homes - III,₹64.99 L,3 BHK Independent Floor for sale in Dwarka Mor,₹5.35 K/sq.ft,,1215.0 sq.ft,"Feb, 2015"
,Sachdeva Floors - I,₹55.0 L,3 BHK Independent Floor for sale in Sewak Park,₹6.11 K/sq.ft,,900.0 sq.ft,"May, 2014"
,Om Bhawan - I,₹49.35 L,2 BHK Flat for sale in Sewak Park,₹4.7 K/sq.ft,,1050.0 sq.ft,"Oct, 2014"
,Shiv Kushal Home-2,₹14.4 L - 21.6 L,"1, 2 BHK Independent Floors for sale in Dwarka Mor",₹4.0 K/sq.ft,,360.0 sq.ft,"Oct, 2014"
,Shree Satnam Gokul Dham 3,₹49.5 L,3 BHK Independent Floor for sale in Dwarka Mor,₹5.0 K/sq.ft,,990.0 sq.ft,"Oct, 2014"
,B B Homes,₹27 L,2 BHK Independent Floor for sale in Dwarka Mor,₹5.0 K/sq.ft,,540.0 sq.ft,"Feb, 2015"
,Eshaan Homes - VI,₹24.8 L,2 BHK Independent Floor for sale in Dwarka Mor,₹4.44 K/sq.ft,,558.0 sq.ft,"Jun, 2014"
,SKA Floors I,₹75.0 L,3 BHK Flat for sale in Dwarka Mor,₹6.67 K/sq.ft,,1125.0 sq.ft,"Nov, 2014"
,JMA Homes- X,₹22.0 L,2 BHK Independent Floor for sale in Dwarka Mor,₹4.89 K/sq.ft,,450.0 sq.ft,"Oct, 2014"
,KBD Homes - I,₹24.75 L - 55 L,"1, 3 BHK Independent Floors for sale in Dwarka Mor",₹5.5 K/sq.ft,,450.0 sq.ft,"Jan, 2015"
,Shreeji Floors,₹34.34 L,2 BHK Independent Floor for sale in Sewak Park,₹5.3 K/sq.ft,,648.0 sq.ft,"Mar, 2015"
,Rama Homes I4.6,₹25.0 L,2 BHK Independent Floor for sale in Sewak Park,₹5.56 K/sq.ft,,450.0 sq.ft,"Jan, 2015"
,Sachdeva Floors - III,₹45.0 L,2 BHK Independent Floor for sale in Sewak Park,₹7.69 K/sq.ft,,585.0 sq.ft,"Nov, 2016"
,Sharma Deepak Homes - I,₹48.0 L,3 BHK Independent Floor for sale in Dwarka Mor,₹5.33 K/sq.ft,,900.0 sq.ft,"Dec, 2014"
,Jai Tirupati Balaji Floors - II,₹27.5 L - 62.49 L,"1, 2, 3 BHK Independent Floors for sale in Sewak Park",₹5.55 K/sq.ft,,495.0 sq.ft,"Oct, 2016"
,8 Majestic Homes - IV,₹45 L,3 BHK Independent Floor for sale in Dwarka Mor,₹5.0 K/sq.ft,,900.0 sq.ft,"Feb, 2015"
,Shri Agarsen Bhumi Aggarwal Homes - VI,₹49.01 L,3 BHK Flat for sale in Dwarka Mor,₹5.45 K/sq.ft,,900.0 sq.ft,"Feb, 2014"
,MS Floor IV,₹48.0 L,3 BHK Independent Floor for sale in Dwarka Mor,₹5.33 K/sq.ft,,900.0 sq.ft,"Sep, 2015"
,MS Floor V,₹30.0 L,2 BHK Independent Floor for sale in Dwarka Mor,₹5.52 K/sq.ft,,544.0 sq.ft,"May, 2015"
,Satya Sai Floors-1,₹49.83 L,3 BHK Flat for sale in Dwarka Mor,₹5.65 K/sq.ft,,882.0 sq.ft,"Feb, 2015"
,Mayank Home - I,₹25.0 L,2 BHK Independent Floor for sale in Dwarka Mor,₹4.45 K/sq.ft,,562.0 sq.ft,"Aug, 2015"
,Kodan Homes - III,₹49.5 L,3 BHK Independent Floor for sale in Dwarka Mor,₹5.5 K/sq.ft,,900.0 sq.ft,"Oct, 2014"
,MS Floor VI,₹30.06 L,2 BHK Independent Floor for sale in Dwarka Mor,₹5.52 K/sq.ft,,545.0 sq.ft,"Jul, 2015"
,Bhagwan Homes - VII,₹23.4 L,1 BHK Independent Floor for sale in Dwarka Mor,₹5.2 K/sq.ft,,450.0 sq.ft,"Nov, 2014"
,Raghuvanshi Floors - III,₹23.4 L,1 BHK Independent Floor for sale in Dwarka Mor,₹4.0 K/sq.ft,,585.0 sq.ft,"Jun, 2014"
,MS Floor - I,₹30.0 L,2 BHK Independent Floor for sale in Dwarka Mor,₹6.67 K/sq.ft,,450.0 sq.ft,"Jan, 2015"
,Vaibhav Residency,₹36 L,2 BHK Flat for sale in Dwarka Mor,₹6.0 K/sq.ft,,600.0 sq.ft,"Oct, 2014"
,RAB Homes,₹20.0 L,2 BHK Independent Floor for sale in Dwarka Mor,₹4.45 K/sq.ft,,450.0 sq.ft,"Jun, 2015"
,8 Majestic Homes II,₹64.99 L,4 BHK Independent Floor for sale in Dwarka Mor,₹6.02 K/sq.ft,,1080.0 sq.ft,"Oct, 2015"
,Durga Floors - II,₹35.0 L,3 BHK Independent Floor for sale in Dwarka Mor,₹3.5 K/sq.ft,,999.0 sq.ft,"Dec, 2014"
,Shri Balaji Maa Siddhi Vinayak Apartment,₹19.8 L - 39.6 L,"1, 3 BHK Flats for sale in Dwarka Mor",₹4.4 K/sq.ft,,450.0 sq.ft,"Jul, 2014"
,Countrywide CWIS Homes - I,₹35.0 L - 55.0 L,"2, 3 BHK Independent Floors for sale in Dwarka Mor",₹None K/sq.ft,,720.0 sq.ft,"Mar, 2014"
,LS Homes IV,₹19.99 L,1 BHK Independent Floor for sale in Dwarka Mor,₹3.89 K/sq.ft,,514.0 sq.ft,"Mar, 2015"
,Amrit Homes 54.3,₹41.99 L,3 BHK Independent Floor for sale in Sewak Park,₹4.67 K/sq.ft,,900.0 sq.ft,"Dec, 2015"
,Jma Homes - VII,₹60.0 L,3 BHK Independent Floor for sale in Dwarka Mor,₹6.67 K/sq.ft,,900.0 sq.ft,"Jan, 2015"
,S Gambhir Affordables And Luxury Homes1.5,₹25.0 L - 52 L,"2, 3 BHK Flats for sale in Dwarka Mor",₹None K/sq.ft,,700.0 sq.ft,"Aug, 2019"
,SSV Smart FloorsRERA,₹16 L - 38 L,"1, 2, 3 BHK Flats for sale in Dwarka Mor",₹None K/sq.ft,,400.0 sq.ft,"Nov, 2020"
,Ganpati Affordable Homes5RERA,₹16 L - 40 L,"1, 2, 3 BHK Flats for sale in Dwarka Mor",₹None K/sq.ft,,450.0 sq.ft,"Mar, 2021"
,Guru Ji SocietyRERA,₹17 L - 60 L,"1, 2, 3, 4 BHK Flats for sale in Dwarka Mor",₹None K/sq.ft,,450.0 sq.ft,"Aug, 2021"
,Krishna Affordable HomesRERA,₹23.7 L - 52 L,"2, 3 BHK Flats for sale in Dwarka Mor",₹None K/sq.ft,,550.0 sq.ft,"Sep, 2021"
,Majestic AffordablesRERA,₹23.0 L - 60.0 L,"2, 3 BHK Flats for sale in Dwarka Mor",₹None K/sq.ft,,550.0 sq.ft,"Oct, 2021"
,Chanchal SerenityRERA,₹21.0 L - 60.0 L,"2, 3 BHK Flats for sale in Dwarka Mor",₹None K/sq.ft,,580.0 sq.ft,"Nov, 2021"
,Delhi The GalleriaRERA,₹21.1 L - 60.0 L,"2, 3 BHK Flats for sale in Dwarka Mor",₹None K/sq.ft,,520.0 sq.ft,"Nov, 2021"
,Swastik The Royal AdressRERA,₹17.0 L - 30 L,"1, 2 BHK Flats for sale in Dwarka Mor",₹4.93 K/sq.ft,,350.0 sq.ft,"Dec, 2021"
,BMS Affordable Homes 15RERA,₹14 L - 70 L,"1, 2, 3, 4 BHK Flats for sale in Dwarka Mor",₹None K/sq.ft,,400.0 sq.ft,"Mar, 2022"
,City Luxury Homes,₹15 L - 70 L,"1, 2, 3 BHK Flats for sale in Dwarka Mor",₹None K/sq.ft,,450.0 sq.ft,"Apr, 2020"
,Shree Luxury Homes3.7,₹15 L - 70 L,"1, 2, 3 BHK Flats for sale in Dwarka Mor",₹None K/sq.ft,,450.0 sq.ft,"Jun, 2020"
,Delhi Homes 24.4,₹14 L - 70 L,"1, 2, 3, 4 BHK Flats for sale in Dwarka Mor",₹None K/sq.ft,,400.0 sq.ft,"Mar, 2022"
,Innovative Affordable And Luxury Homes,₹27 L - 69 L,"2, 3 BHK Flats for sale in Dwarka Mor",₹None K/sq.ft,,600.0 sq.ft,"Feb, 2020"
,Swastik Affordable Homes,₹26.0 L - 50.0 L,"2, 3 BHK Flats for sale in Dwarka Mor",₹None K/sq.ft,,450.0 sq.ft,"Jan, 2020"
,Innovative Affordable Homes,₹27 L - 69 L,"2, 3 BHK Flats for sale in Dwarka Mor",₹None K/sq.ft,,600.0 sq.ft,"Feb, 2020"
,Delhi Homes 4,₹16 L - 50 L,"1, 2, 3, 4 BHK Flats for sale in Dwarka Mor",₹None K/sq.ft,,450.0 sq.ft,"Jun, 2020"
,JMD Smart Homes,₹15 L - 65 L,"1, 2, 3 BHK Flats for sale in Dwarka Mor",₹None K/sq.ft,,360.0 sq.ft,"Mar, 2020"
,Guru Ji Gupta Affordable And Luxury Homes3.7RERA,₹22 L - 90 L,"2, 3 BHK Flats for sale in Dwarka Mor",₹None K/sq.ft,,500.0 sq.ft,"Dec, 2020"
,Aggarwal Viraj Luxury HomesRERA,₹22 L - 27 L,2 BHK Flat for sale in Dwarka Mor,₹None K/sq.ft,,550.0 sq.ft,"Apr, 2020"
,Virat Affordable Homes4.3RERA,₹28 L - 70 L,"2, 3, 4 BHK Flats for sale in Dwarka Mor",₹None K/sq.ft,,560.0 sq.ft,"Feb, 2021"
,Sidharth Luxury HomesRERA,₹17.5 L - 55 L,"1, 2, 3 BHK Flats for sale in Dwarka Mor",₹None K/sq.ft,,420.0 sq.ft,"Nov, 2021"
,JSK Homes ARERA,₹14 L - 40 L,"1, 2, 3 BHK Flats for sale in Dwarka Mor",₹None K/sq.ft,,450.0 sq.ft,"Oct, 2021"
,Delhi Luxury LivingsRERA,₹22.0 L - 60.0 L,"2, 3 BHK Flats for sale in Dwarka Mor",₹None K/sq.ft,,530.0 sq.ft,"Nov, 2021"
,Green The PeaceRERA,₹22 L - 60.0 L,"2, 3 BHK Flats for sale in Dwarka Mor",₹None K/sq.ft,,550.0 sq.ft,"Nov, 2021"
,Swastik The AffordablesRERA,₹30.0 L - 45 L,3 BHK Flat for sale in Dwarka Mor,₹None K/sq.ft,,760.0 sq.ft,"Dec, 2021"
,Goyal Affordable Floors5,₹19 L - 70 L,"1, 2, 3 BHK Flats for sale in Dwarka Mor",₹None K/sq.ft,,450.0 sq.ft,"Jun, 2020"
,Aashirwad Smart Floors4.3,₹19 L - 70 L,"1, 2, 3 BHK Flats for sale in Dwarka Mor",₹None K/sq.ft,,450.0 sq.ft,"Jun, 2020"
,Guru Ji Budget HomesRERA,₹13 L - 18 L,1 BHK Flat for sale in Dwarka Mor,₹None K/sq.ft,,300.0 sq.ft,"Feb, 2022"
,Green Valley Homes 15RERA,₹23.5 L - 60.0 L,"2, 3 BHK Flats for sale in Vikaspuri",₹None K/sq.ft,,460.0 sq.ft,"Nov, 2020"
,SRK Luxury LivingRERA,₹23 L - 70.0 L,"2, 3 BHK Flats for sale in Dwarka Mor",₹None K/sq.ft,,500.0 sq.ft,"May, 2021"
,Khatushyam Homes 1RERA,₹23.0 L - 60.0 L,"2, 3 BHK Flats for sale in Dwarka Mor",₹None K/sq.ft,,550.0 sq.ft,"Jan, 2022"
,Munish Manchanda Atero Affordables 2,₹23 L - 26.0 L,2 BHK Flat for sale in Dwarka Mor,₹5.76 K/sq.ft,,400.0 sq.ft,"Nov, 2019"
,Space Aanantham Apartments,₹18 L - 54.0 L,"1, 2, 3, 4 BHK Flats for sale in Dwarka Mor",₹None K/sq.ft,,450.0 sq.ft,"Apr, 2017"
,Space Aaradhana Apartments,₹9.0 L - 40.5 L,"1.5, 2, 3 BHK Flats for sale in Dwarka Mor",₹None K/sq.ft,,270.0 sq.ft,"Mar, 2017"
,Unicon Floors,₹14.0 L - 27.0 L,"1, 2, 3 BHK Flats for sale in Uttam Nagar",₹None K/sq.ft,,360.0 sq.ft,"Jun, 2018"
,Daman DM Homes,₹16 L - 52 L,"1, 2, 3 BHK Flats for sale in Dwarka Mor",₹None K/sq.ft,,400.0 sq.ft,"Feb, 2019"
,8 Majestic Home,₹35.0 L - 64.99 L,"3, 4 BHK Flats for sale in Dwarka Mor",₹None K/sq.ft,,720.0 sq.ft,"Dec, 2015"
,Munish Manchanda Atero Affordables And Luxury Homes,₹23.0 L - 64.99 L,"2, 3 BHK Flats for sale in Dwarka Mor",₹None K/sq.ft,,410.0 sq.ft,"Nov, 2019"
,Adarsh Apartment,₹14 L - 37 L,"1, 2, 3 BHK Flats for sale in Dwarka Mor",₹None K/sq.ft,,360.0 sq.ft,"Apr, 2019"
,Adarsh Homes Builder Floors Apartment,₹14 L - 37 L,"1, 2, 3 BHK Flats for sale in Dwarka Mor",₹None K/sq.ft,,360.0 sq.ft,"Apr, 2019"
,Globe Affordable Homes,₹16 L - 65 L,"1, 2, 3, 4 BHK Flats for sale in Dwarka Mor",₹None K/sq.ft,,405.0 sq.ft,"Jan, 2020"
,Siddhi Affoddable and Luxury Homes,₹18 L - 48 L,"1, 2, 3, 4 BHK Flats for sale in Dwarka Mor",₹None K/sq.ft,,360.0 sq.ft,"Mar, 2019"
,Goyal Sachin Goyal Affordable Homes,₹19 L - 63 L,"1, 2, 3, 4 BHK Flats for sale in Dwarka Mor",₹None K/sq.ft,,405.0 sq.ft,"Jan, 2019"
,Royal Homes4,₹16 L - 52 L,"1, 2, 3 BHK Flats for sale in Dwarka Mor",₹None K/sq.ft,,400.0 sq.ft,"Feb, 2019"
,Mr Ujjwal Kushwaha Affordable Homes,₹19 L - 90 L,"1, 2, 3, 4 BHK Flats for sale in Dwarka Mor",₹None K/sq.ft,,405.0 sq.ft,"Jan, 2019"
,Guru Ji Homes,₹27.97 L,2 BHK Flat for sale in Dwarka Mor,₹5.18 K/sq.ft,,540.0 sq.ft,"Dec, 2019"
,Surya Builders Delhi Apartment,Price on Request,"2, 3 BHK Flats for sale in Dwarka Mor",₹None K/sq.ft,,585.0 sq.ft,"Jun, 2015"
,Munish Manchanda M2 Luxury Homes,₹50.63 L - 54.38 L,3 BHK Flat for sale in Dwarka Mor,₹7.5 K/sq.ft,,675.0 sq.ft,"Nov, 2019"
,Guru Ji Homes Part 1,₹16 L - 35.0 L,"1, 2, 3 BHK Flats for sale in Dwarka Mor",₹3.94 K/sq.ft,,400.0 sq.ft,"Dec, 2020"
,Adarsh Builder Floors,₹18 L - 27 L,2 BHK Flat for sale in Dwarka Mor,₹None K/sq.ft,,495.0 sq.ft,"Apr, 2019"
,Swastik Homes4.4,₹23 L - 48.0 L,"2, 3 BHK Flats for sale in Dwarka Mor",₹None K/sq.ft,,400.0 sq.ft,"Nov, 2019"
,Guru Ji Homes Part 2,₹18 L - 60 L,"1, 2, 3, 4 BHK Flats for sale in Dwarka Mor",₹None K/sq.ft,,500.0 sq.ft,"Dec, 2019"
,Adarsh Apartments,₹19 L - 27 L,2 BHK Flat for sale in Dwarka Mor,₹None K/sq.ft,,450.0 sq.ft,"Aug, 2019"
,Swastik Affordables And Luxury Homes,₹26.0 L - 50.0 L,"2, 3 BHK Flats for sale in Dwarka Mor",₹None K/sq.ft,,450.0 sq.ft,"Nov, 2019"
,Shree Krishna Floors I,₹80.0 L,3 BHK Flat for sale in Dwarka Mor,₹7.11 K/sq.ft,,1125.0 sq.ft,"Oct, 2014"
,Bharath Hi Tech Balaji Apartment,₹28.0 L,2 BHK Flat for sale in Dwarka Mor,₹4.64 K/sq.ft,,603.0 sq.ft,"Apr, 2014"
,Shri Balaji Bhagwati Apartment,₹15.84 L - 23.76 L,"1, 2 BHK Flats for sale in Dwarka Mor",₹4.4 K/sq.ft,,360.0 sq.ft,"Jan, 2015"
,Shiv Apartment II,₹24.3 L - 36.45 L,"2, 3 BHK Flats for sale in Dwarka Mor",₹4.5 K/sq.ft,,540.0 sq.ft,"May, 2014"
, West Line Heights,Price on Request,"2, 3 BHK Flats for sale in Dwarka Mor",₹None K/sq.ft,,700.0 sq.ft,
,SB Janta Homes,Price on Request,"1, 2 BHK Flats for sale in Dwarka Mor",₹None K/sq.ft,,400.0 sq.ft,
,Angels Luxurious Residency,Price on Request,"1, 3 BHK Flats for sale in Dwarka Mor",₹None K/sq.ft,,450.04 sq.ft,
,Shristi Affordable LivingsRERA,₹25.0 L - 42.0 L,"2, 3 BHK Flats for sale in Dwarka Mor",₹5.52 K/sq.ft,,450.0 sq.ft,"Aug, 2020"
,Swastik Affordables And Luxury Homes 3,Price on Request,"1, 2 BHK Flats for sale in Dwarka Mor",₹None K/sq.ft,,400.0 sq.ft,"Dec, 2021"
,R P Bala Ji Homes,₹27 L - 70 L,"2, 3 BHK Flats for sale in Dwarka Mor",₹None K/sq.ft,,550.0 sq.ft,"Nov, 2020"
,Shristi Affordables And Luxury Homes,₹25.0 L - 1.0 Cr,"2, 3, 4 BHK Flats for sale in Dwarka Mor",₹None K/sq.ft,,450.0 sq.ft,"Aug, 2020"
,Shristi Homes,₹24.0 L - 1.0 Cr,"2, 3, 4 BHK Flats for sale in Dwarka Mor",₹None K/sq.ft,,450.0 sq.ft,"Aug, 2020"
,R P Krishna Homes,₹16 L - 38 L,"1, 2, 3 BHK Flats for sale in Dwarka Mor",₹None K/sq.ft,,450.0 sq.ft,"Nov, 2020"
,Shiv Kushal Home 1,Price on Request,1 BHK Flat for sale in Dwarka Mor,₹None K/sq.ft,,400.0 sq.ft,
,Virat Affordable And Luxury Homes5,₹19 L - 47 L,"1, 2, 3 BHK Flats for sale in Dwarka Mor",₹None K/sq.ft,,500.0 sq.ft,"Jan, 2020"
,Kalsi Affordable Builder Floors,Price on Request, BHK  for sale in Dwarka Mor,₹None K/sq.ft,,None sq.ft,
,Bharat Floors,₹22.0 L - 30.0 L,2 BHK Flat for sale in Dwarka Mor,₹None K/sq.ft,,450.04 sq.ft,
,Rituraj Luxury Homes,Price on Request, BHK  for sale in Dwarka Mor,₹None K/sq.ft,,None sq.ft,
,Mahansariya Bhawan,Price on Request, BHK  for sale in Dwarka Mor,₹None K/sq.ft,,None sq.ft,
,Yamunotri Homes,Price on Request, BHK  for sale in Dwarka Mor,₹None K/sq.ft,,None sq.ft,
, Deepak Homes 1,Price on Request, BHK  for sale in Dwarka Mor,₹None K/sq.ft,,None sq.ft,
,Tushar Associates Floors 2,Price on Request, BHK  for sale in Dwarka Mor,₹None K/sq.ft,,None sq.ft,
,V G 2,Price on Request, BHK  for sale in Dwarka Mor,₹None K/sq.ft,,None sq.ft,
,Shri Balaji Properties And Builders Balaji Appartment,Price on Request, BHK  for sale in Dwarka Mor,₹None K/sq.ft,,None sq.ft,"Nov, 2014"
,Globe Globe Homes 4,Price on Request, BHK  for sale in Dwarka Mor,₹None K/sq.ft,,None sq.ft,"Sep, 2016"
,Neev Residency4.5,₹12.5 L - 74.99 L,"1, 2, 3 BHK Flats for sale in Dwarka Mor",₹None K/sq.ft,,360.0 sq.ft,
,Decent Retailers And Builders 3,Price on Request, BHK  for sale in Dwarka Mor,₹None K/sq.ft,,None sq.ft,
,Raghuvanshi Developers and Energy Solutions Floors 5,Price on Request, BHK  for sale in Dwarka Mor,₹None K/sq.ft,,None sq.ft,
,Sai Sai Sevak Builder Floors,Price on Request, BHK  for sale in Sewak Park,₹None K/sq.ft,,None sq.ft,"Oct, 2016"
,Sai Builders And Developers Jeevan Builder Floors ,Price on Request, BHK  for sale in Sewak Park,₹None K/sq.ft,,None sq.ft,
, Nawada Housing Complex,₹14.5 L,2 BHK Flat for sale in Dwarka Mor,₹2.69 K/sq.ft,,540.0 sq.ft,
,CWIS Homes 2,Price on Request, BHK  for sale in Dwarka Mor,₹None K/sq.ft,,None sq.ft,
,Ashirwad Apartment,Price on Request, BHK  for sale in Dwarka Mor,₹None K/sq.ft,,None sq.ft,
,Dream Home,Price on Request, BHK  for sale in Dwarka Mor,₹None K/sq.ft,,None sq.ft,
,DPW Housing Organization DPWHO Project 1A,Price on Request, BHK  for sale in Dwarka Mor,₹None K/sq.ft,,None sq.ft,
,RWA C Block Mohan Garden,Price on Request, BHK  for sale in Dwarka Mor,₹None K/sq.ft,,None sq.ft,
, SBA B 172,Price on Request, BHK  for sale in Dwarka Mor,₹None K/sq.ft,,None sq.ft,
, SBA E 54,Price on Request, BHK  for sale in Dwarka Mor,₹None K/sq.ft,,None sq.ft,
,Eshaan Builders Homes 5,Price on Request, BHK  for sale in Dwarka Mor,₹None K/sq.ft,,None sq.ft,
,Dev Floors 2,Price on Request, BHK  for sale in Dwarka Mor,₹None K/sq.ft,,None sq.ft,
,Countrywide Countrywide CWIS Homes - III,Price on Request, BHK  for sale in Dwarka Mor,₹None K/sq.ft,,None sq.ft,"May, 2015"
,Sai Builders And Developers Kunj 1,Price on Request, BHK  for sale in Dwarka Mor,₹None K/sq.ft,,None sq.ft,
,Sai Deep Builder Floors,Price on Request,2 BHK Flat for sale in Sewak Park,₹None K/sq.ft,,6727.44 sq.ft,
